date,day_index,borough,traveler_segment,treated_market,treatment_flag,holdout_flag,post_period,campaign_id,channel,spend,impressions,clicks,experience_bookings,gbv,contribution_margin,conversion_rate,demand_signal_score,event_pressure,intent_index,weather_favorability,available_supply
2026-05-01,0,Bronx,family_discovery,0,0,1,0,HOLDOUT_OR_PRE,none,0.0,0.0,0.0,442.4166788747031,58204.466482677955,12804.98262618915,0.0,67.4346399493918,10.731968529001914,84.88494443154767,75.18665619039625,349.386301369863
2026-05-01,0,Brooklyn,local_creatives,1,0,1,0,HOLDOUT_OR_PRE,none,0.0,0.0,0.0,934.9438270681331,131908.48488274726,29019.866674204397,0.0,72.35293581517308,10.686710905653156,88.92246257814998,76.93548702596584,5434.8794520547945
2026-05-01,0,Manhattan,culture_seekers,0,0,1,0,HOLDOUT_OR_PRE,none,0.0,0.0,0.0,800.2443694373447,125633.5173706968,27639.373821553298,0.0,73.34934427696632,10.458775579466373,89.69559532513509,77.57245414545368,6451.038356164384
2026-05-01,0,Queens,value_explorers,1,0,1,0,HOLDOUT_OR_PRE,none,0.0,0.0,0.0,1000.7724601349963,150876.0277339929,33192.72610147844,0.0,71.32548255090173,10.162266844084908,92.79949779504476,77.24291554170154,2146.591780821918
2026-05-01,0,Staten Island,outdoor_daytrip,0,0,1,0,HOLDOUT_OR_PRE,none,0.0,0.0,0.0,107.4853630387186,15457.938796599043,3400.7465352517893,0.0,67.56190974385262,9.777426431889836,91.01794012716759,76.83577490855103,97.1917808219178
2026-05-02,1,Bronx,family_discovery,0,0,1,0,HOLDOUT_OR_PRE,none,0.0,0.0,0.0,488.4410975338961,70470.89498178444,15503.596895992578,0.0,76.16224472763052,15.923015546500062,91.4018038903155,78.45831591127556,349.386301369863
2026-05-02,1,Brooklyn,local_creatives,1,0,1,0,HOLDOUT_OR_PRE,none,0.0,0.0,0.0,1046.505328664212,150822.73441698655,33181.00157173704,0.0,81.29151300604026,16.239605773168204,93.52281515812857,78.60817458097955,5434.8794520547945
2026-05-02,1,Manhattan,culture_seekers,0,0,1,0,HOLDOUT_OR_PRE,none,0.0,0.0,0.0,860.2021653508901,137199.55287830983,30183.90163322816,0.0,81.83695924988574,15.711479967579006,94.02177057368816,78.19415513920113,6451.038356164384
2026-05-02,1,Queens,value_explorers,1,0,1,0,HOLDOUT_OR_PRE,none,0.0,0.0,0.0,1093.9828130407925,153709.63026318303,33816.11865790027,0.0,79.59973071592945,15.930518682322022,95.74265383670291,75.80398150165401,2146.591780821918
2026-05-02,1,Staten Island,outdoor_daytrip,0,0,1,0,HOLDOUT_OR_PRE,none,0.0,0.0,0.0,133.51759446522533,20038.35819206378,4408.4388022540315,0.0,74.02706000284752,16.44130492092818,85.76955594211915,75.14664148305265,97.1917808219178
2026-05-03,2,Bronx,family_discovery,0,0,1,0,HOLDOUT_OR_PRE,none,0.0,0.0,0.0,515.4504661883509,68868.6926983813,15151.112393643887,0.0,76.0636713961733,15.787782873874656,90.67513296114609,77.34763945290798,349.386301369863
2026-05-03,2,Brooklyn,local_creatives,1,0,1,0,HOLDOUT_OR_PRE,none,0.0,0.0,0.0,1105.589198952913,165045.05342097796,36309.91175261515,0.0,79.15847690796262,15.129584077073236,92.86868947252141,77.30921378489268,5434.8794520547945
2026-05-03,2,Manhattan,culture_seekers,0,0,1,0,HOLDOUT_OR_PRE,none,0.0,0.0,0.0,872.5912262227492,146919.6176566102,32322.315884454245,0.0,81.04663627077367,15.902098546302081,91.16148542105554,78.82122198420878,6451.038356164384
2026-05-03,2,Queens,value_explorers,1,0,1,0,HOLDOUT_OR_PRE,none,0.0,0.0,0.0,1123.0893669301524,153872.08138923362,33851.8579056314,0.0,78.20595027885513,14.552731375275478,95.8673680219395,78.92419184255908,2146.591780821918
2026-05-03,2,Staten Island,outdoor_daytrip,0,0,1,0,HOLDOUT_OR_PRE,none,0.0,0.0,0.0,130.4297259135975,19026.54278022096,4185.8394116486115,0.0,70.35456506243659,13.007599020966572,91.09047385511788,70.08962629999917,97.1917808219178
2026-05-04,3,Bronx,family_discovery,0,0,1,0,HOLDOUT_OR_PRE,none,0.0,0.0,0.0,456.63887437056354,61734.13716473889,13581.510176242555,0.0,68.29206155857663,10.720067983143315,86.06542430021747,78.10712785283043,349.386301369863
2026-05-04,3,Brooklyn,local_creatives,1,0,1,0,HOLDOUT_OR_PRE,none,0.0,0.0,0.0,984.6898299013552,132142.3362577748,29071.313976710455,0.0,73.00382653404192,10.9158674133959,89.38623009314531,77.49125738485797,5434.8794520547945
2026-05-04,3,Manhattan,culture_seekers,0,0,1,0,HOLDOUT_OR_PRE,none,0.0,0.0,0.0,828.2541067300577,129100.1941965009,28402.0427232302,0.0,73.47266097159176,10.088892044523083,89.31530343812614,79.81966928752891,6451.038356164384
2026-05-04,3,Queens,value_explorers,1,0,1,0,HOLDOUT_OR_PRE,none,0.0,0.0,0.0,1033.1377944517553,148992.2457137524,32778.29405702553,0.0,73.1338215310956,10.844490635773301,93.47033272148,80.11680837886296,2146.591780821918
2026-05-04,3,Staten Island,outdoor_daytrip,0,0,1,0,HOLDOUT_OR_PRE,none,0.0,0.0,0.0,134.1647857746295,19678.370232357745,4329.241451118704,0.0,68.13829627827053,9.564275464000797,89.79443984428153,80.97002216325555,97.1917808219178
2026-05-05,4,Bronx,family_discovery,0,0,1,0,HOLDOUT_OR_PRE,none,0.0,0.0,0.0,475.4735521459265,69881.48251699454,15373.9261537388,0.0,67.8470207642363,10.18430482356283,85.8072151665366,80.68015661753647,349.386301369863
2026-05-05,4,Brooklyn,local_creatives,1,0,1,0,HOLDOUT_OR_PRE,none,0.0,0.0,0.0,999.7693038875243,141413.51400331332,31110.97308072893,0.0,72.76714084943787,10.358055004932407,89.37952728160316,79.81633338018962,5434.8794520547945
2026-05-05,4,Manhattan,culture_seekers,0,0,1,0,HOLDOUT_OR_PRE,none,0.0,0.0,0.0,826.1941096738502,129586.72030834793,28509.078467836545,0.0,74.84947053833633,10.561124137738366,91.22572475271538,82.23564126204361,6451.038356164384
2026-05-05,4,Queens,value_explorers,1,0,1,0,HOLDOUT_OR_PRE,none,0.0,0.0,0.0,1038.038187356308,156314.82261169428,34389.260974572746,0.0,72.9451990520766,10.645279012778374,93.09255650623828,80.3897685054215,2146.591780821918
2026-05-05,4,Staten Island,outdoor_daytrip,0,0,1,0,HOLDOUT_OR_PRE,none,0.0,0.0,0.0,110.15811826500577,14643.678878588538,3221.6093532894783,0.0,68.35095865351994,10.677776857320538,87.09861956413276,77.54334999570402,97.1917808219178
2026-05-06,5,Bronx,family_discovery,0,0,1,0,HOLDOUT_OR_PRE,none,0.0,0.0,0.0,457.7830415135547,62365.7512886016,13720.46528349235,0.0,69.17622204301425,11.144664167594309,85.57614883289565,80.4685357030699,349.386301369863
2026-05-06,5,Brooklyn,local_creatives,1,0,1,0,HOLDOUT_OR_PRE,none,0.0,0.0,0.0,1045.8958799032393,146683.65335713146,32270.403738568923,0.0,72.63233855179662,10.404161232664173,88.63646520593814,81.30623593074026,5434.8794520547945
2026-05-06,5,Manhattan,culture_seekers,0,0,1,0,HOLDOUT_OR_PRE,none,0.0,0.0,0.0,808.0361548800861,133290.15440965586,29323.83397012429,0.0,75.66686804427648,11.561905619305712,90.47184205408158,80.63282329264244,6451.038356164384
2026-05-06,5,Queens,value_explorers,1,0,1,0,HOLDOUT_OR_PRE,none,0.0,0.0,0.0,1040.1049176851316,152188.95858155127,33481.57088794128,0.0,71.69019917115808,9.544827708842222,92.40769960003918,81.39901881528905,2146.591780821918
2026-05-06,5,Staten Island,outdoor_daytrip,0,0,1,0,HOLDOUT_OR_PRE,none,0.0,0.0,0.0,121.95960471526799,16999.51829431216,3739.8940247486757,0.0,64.13558040417007,8.777604149870987,82.92812924977775,80.07776625225354,97.1917808219178
2026-05-07,6,Bronx,family_discovery,0,0,1,0,HOLDOUT_OR_PRE,none,0.0,0.0,0.0,454.79991668603304,64583.556777026446,14208.382490945818,0.0,68.38089167666519,10.65544481287557,87.10905844279154,77.8561909874293,349.386301369863
2026-05-07,6,Brooklyn,local_creatives,1,0,1,0,HOLDOUT_OR_PRE,none,0.0,0.0,0.0,1013.5418209766956,151420.7720768864,33312.56985691501,0.0,73.93138313477218,10.828425254775567,90.49374637577368,81.70923808671506,5434.8794520547945
2026-05-07,6,Manhattan,culture_seekers,0,0,1,0,HOLDOUT_OR_PRE,none,0.0,0.0,0.0,825.7873441907898,134369.03600459613,29561.187921011147,0.0,74.90006411284432,11.102088422321664,88.518030381523,81.85759493636091,6451.038356164384
2026-05-07,6,Queens,value_explorers,1,0,1,0,HOLDOUT_OR_PRE,none,0.0,0.0,0.0,1032.6499331918606,144191.16179714637,31722.055595372203,0.0,72.93013844544384,11.07639274041577,92.57980042295574,79.38835142049913,2146.591780821918
2026-05-07,6,Staten Island,outdoor_daytrip,0,0,1,0,HOLDOUT_OR_PRE,none,0.0,0.0,0.0,129.1581798643294,18254.517329648294,4015.9938125226245,0.0,67.14214926688933,10.783317036563103,83.16455149532683,83.85619659876232,97.1917808219178
2026-05-08,7,Bronx,family_discovery,0,0,1,0,HOLDOUT_OR_PRE,none,0.0,0.0,0.0,508.3184964855405,69109.00771107573,15203.98169643666,0.0,68.71307169351437,11.246084402287194,83.40963815833769,81.37435672046914,349.386301369863
2026-05-08,7,Brooklyn,local_creatives,1,0,1,0,HOLDOUT_OR_PRE,none,0.0,0.0,0.0,1028.5059870392354,149262.39121435862,32837.726067158896,0.0,72.1318494010125,10.233076771955085,87.61200483789956,81.5183747616831,5434.8794520547945
2026-05-08,7,Manhattan,culture_seekers,0,0,1,0,HOLDOUT_OR_PRE,none,0.0,0.0,0.0,827.3951522240374,125944.87145355427,27707.87171978194,0.0,74.77644724810095,11.010028421391848,89.51007291127539,81.6908459022409,6451.038356164384
2026-05-08,7,Queens,value_explorers,1,0,1,0,HOLDOUT_OR_PRE,none,0.0,0.0,0.0,1074.179080938427,153933.80189022998,33865.4364158506,0.0,71.972271002705,10.369874340692368,91.0965832222521,81.9943952745665,2146.591780821918
2026-05-08,7,Staten Island,outdoor_daytrip,0,0,1,0,HOLDOUT_OR_PRE,none,0.0,0.0,0.0,113.78010440990685,16521.996255089656,3634.8391761197245,0.0,70.00810323100404,10.407314423071607,90.98525876324486,82.4692701572661,97.1917808219178
2026-05-09,8,Bronx,family_discovery,0,0,1,0,HOLDOUT_OR_PRE,none,0.0,0.0,0.0,559.5719488901804,81795.09822071769,17994.921608557892,0.0,76.6491618245251,15.787789703536678,89.21890935510378,81.25298489371751,349.386301369863
2026-05-09,8,Brooklyn,local_creatives,1,0,1,0,HOLDOUT_OR_PRE,none,0.0,0.0,0.0,1240.6475385761269,175282.13304176924,38562.06926918923,0.0,81.6306737538184,16.346430556563917,91.38944970095615,83.95242176675505,5434.8794520547945
2026-05-09,8,Manhattan,culture_seekers,0,0,1,0,HOLDOUT_OR_PRE,none,0.0,0.0,0.0,939.1513664885935,150032.48206794358,33007.14605494759,0.0,82.20072613533955,15.904717515529892,93.76910578006971,80.08198945019893,6451.038356164384
2026-05-09,8,Queens,value_explorers,1,0,1,0,HOLDOUT_OR_PRE,none,0.0,0.0,0.0,1164.061819437446,169669.24383405485,37327.233643492065,0.0,81.52999355007434,16.234138703151892,95.63629771305976,82.81327788914267,2146.591780821918
2026-05-09,8,Staten Island,outdoor_daytrip,0,0,1,0,HOLDOUT_OR_PRE,none,0.0,0.0,0.0,137.03606471525066,19916.70653704413,4381.6754381497085,0.0,76.54843277975668,13.984966207433951,94.95547582080619,87.0815373288398,97.1917808219178
2026-05-10,9,Bronx,family_discovery,0,0,1,0,HOLDOUT_OR_PRE,none,0.0,0.0,0.0,588.6520635123385,82021.1627328515,18044.65580122733,0.0,78.51554826539991,15.740617459518443,92.51158009311449,86.10869985996382,349.386301369863
2026-05-10,9,Brooklyn,local_creatives,1,0,1,0,HOLDOUT_OR_PRE,none,0.0,0.0,0.0,1155.705301009364,161952.09519628077,35629.46094318177,0.0,81.07019383280883,15.376825482374183,93.56649521723742,82.50081416086073,5434.8794520547945
2026-05-10,9,Manhattan,culture_seekers,0,0,1,0,HOLDOUT_OR_PRE,none,0.0,0.0,0.0,960.3764624180761,154606.3047417832,34013.387043192306,0.0,82.21905562058407,15.842249312682503,93.53725926996641,81.01528130837829,6451.038356164384
2026-05-10,9,Queens,value_explorers,1,0,1,0,HOLDOUT_OR_PRE,none,0.0,0.0,0.0,1224.5029544155009,174982.1054273763,38496.06319402278,0.0,82.1462886288896,16.944422769316592,96.56355015561287,81.19557898015283,2146.591780821918
2026-05-10,9,Staten Island,outdoor_daytrip,0,0,1,0,HOLDOUT_OR_PRE,none,0.0,0.0,0.0,147.98425558910668,20775.989172863545,4570.71761802998,0.0,73.54125665905846,13.894766678333852,91.33346494646676,78.14199046348752,97.1917808219178
2026-05-11,10,Bronx,family_discovery,0,0,1,0,HOLDOUT_OR_PRE,none,0.0,0.0,0.0,469.7578264167625,65180.66849540077,14339.74706898817,0.0,69.38301455561913,10.502643716386471,86.48443955250369,84.88571014500765,349.386301369863
2026-05-11,10,Brooklyn,local_creatives,1,0,1,0,HOLDOUT_OR_PRE,none,0.0,0.0,0.0,1047.4458669342596,147251.39269811107,32395.306393584437,0.0,73.375885727287,10.868236335970128,89.37292322963837,80.03864816327815,5434.8794520547945
2026-05-11,10,Manhattan,culture_seekers,0,0,1,0,HOLDOUT_OR_PRE,none,0.0,0.0,0.0,853.2485928705233,135587.96936161732,29829.35325955581,0.0,74.28514235544911,10.997562760152151,87.70954282598422,81.77339086197368,6451.038356164384
2026-05-11,10,Queens,value_explorers,1,0,1,0,HOLDOUT_OR_PRE,none,0.0,0.0,0.0,1094.8122861358806,164239.2208091273,36132.62857800801,0.0,73.6684969664206,10.560572579427667,94.9643054722272,80.59622231067482,2146.591780821918
2026-05-11,10,Staten Island,outdoor_daytrip,0,0,1,0,HOLDOUT_OR_PRE,none,0.0,0.0,0.0,130.1420201750363,17464.02681225643,3842.0858986964145,0.0,69.25501078804764,10.811593824724643,87.76461798612971,79.69644543639698,97.1917808219178
2026-05-12,11,Bronx,family_discovery,0,0,1,0,HOLDOUT_OR_PRE,none,0.0,0.0,0.0,502.311921874569,69921.45497147748,15382.720093725045,0.0,69.69100019442484,11.21098418845154,85.47998737577842,84.44100354218757,349.386301369863
2026-05-12,11,Brooklyn,local_creatives,1,0,1,0,HOLDOUT_OR_PRE,none,0.0,0.0,0.0,1081.1968794944387,145228.54294175067,31950.27944718515,0.0,72.62274256131822,10.102110028791866,89.79082997849261,81.0500767201873,5434.8794520547945
2026-05-12,11,Manhattan,culture_seekers,0,0,1,0,HOLDOUT_OR_PRE,none,0.0,0.0,0.0,869.4920855858148,133426.70341449397,29353.874751188672,0.0,74.44859029065036,10.66256222794561,89.45462608266502,82.90342874685591,6451.038356164384
2026-05-12,11,Queens,value_explorers,1,0,1,0,HOLDOUT_OR_PRE,none,0.0,0.0,0.0,1065.5378054993673,149552.84927277808,32901.62684001118,0.0,72.12213393982107,10.244822259407831,92.27696972311529,81.3980220141705,2146.591780821918
2026-05-12,11,Staten Island,outdoor_daytrip,0,0,1,0,HOLDOUT_OR_PRE,none,0.0,0.0,0.0,120.79248082033719,16527.249084571384,3635.9947986057045,0.0,67.56679623553244,10.028425780956205,87.1211638047607,80.14062011996525,97.1917808219178
2026-05-13,12,Bronx,family_discovery,0,0,1,0,HOLDOUT_OR_PRE,none,0.0,0.0,0.0,519.0718483574123,68845.13102751761,15145.928826053874,0.0,68.46646613730606,10.444579089125643,85.17875879566449,82.92560663632328,349.386301369863
2026-05-13,12,Brooklyn,local_creatives,1,0,1,0,HOLDOUT_OR_PRE,none,0.0,0.0,0.0,1119.668160711718,148050.04379596811,32571.009635112987,0.0,73.04512364693856,10.122020170979848,88.77596146946831,84.9280130180456,5434.8794520547945
2026-05-13,12,Manhattan,culture_seekers,0,0,1,0,HOLDOUT_OR_PRE,none,0.0,0.0,0.0,917.696147779741,138114.29914934872,30385.145812856717,0.0,73.51014828556784,10.158914893154268,89.42297703548748,80.14166894520491,6451.038356164384
2026-05-13,12,Queens,value_explorers,1,0,1,0,HOLDOUT_OR_PRE,none,0.0,0.0,0.0,1119.066874450604,160594.14470728516,35330.711835602735,0.0,73.08018437908798,10.573402121265085,92.10007268031819,83.29660420847698,2146.591780821918
2026-05-13,12,Staten Island,outdoor_daytrip,0,0,1,0,HOLDOUT_OR_PRE,none,0.0,0.0,0.0,144.15304758479877,19910.009726769433,4380.202139889275,0.0,70.7196872906913,10.820824850757798,90.72461348747836,83.7967500950791,97.1917808219178
2026-05-14,13,Bronx,family_discovery,0,0,1,0,HOLDOUT_OR_PRE,none,0.0,0.0,0.0,533.7859731409551,73762.6822783045,16227.790101226992,0.0,68.953830343411,10.302984355068599,85.59356006701469,84.71207408544754,349.386301369863
2026-05-14,13,Brooklyn,local_creatives,1,0,1,0,HOLDOUT_OR_PRE,none,0.0,0.0,0.0,1065.39754426311,151812.91041538992,33398.840291385786,0.0,73.21824889894715,10.526371756333257,89.40345936962021,81.67693701928123,5434.8794520547945
2026-05-14,13,Manhattan,culture_seekers,0,0,1,0,HOLDOUT_OR_PRE,none,0.0,0.0,0.0,881.5823338089522,140402.45410794407,30888.539903747696,0.0,75.07058070758143,10.534902932220076,91.69548697122718,82.35178459924927,6451.038356164384
2026-05-14,13,Queens,value_explorers,1,0,1,0,HOLDOUT_OR_PRE,none,0.0,0.0,0.0,1092.0067410207403,156997.90108277384,34539.53823821025,0.0,73.6944385180866,11.950585795313637,89.98629612635975,81.95128778576779,2146.591780821918
2026-05-14,13,Staten Island,outdoor_daytrip,0,0,1,0,HOLDOUT_OR_PRE,none,0.0,0.0,0.0,117.78589418499968,16132.56778104979,3549.1649118309538,0.0,65.14933595962108,8.501196524646051,84.70015055195552,84.20134838676412,97.1917808219178
2026-05-15,14,Bronx,family_discovery,0,0,1,0,HOLDOUT_OR_PRE,none,0.0,0.0,0.0,522.0944969136809,73605.89039148479,16193.295886126654,0.0,68.0413176796199,10.499232937191955,84.22159851292767,80.81856466490494,349.386301369863
2026-05-15,14,Brooklyn,local_creatives,1,0,1,0,HOLDOUT_OR_PRE,none,0.0,0.0,0.0,1074.8184165286764,161043.18812222462,35429.50138688942,0.0,72.77986689882647,10.714498795686609,87.55855759067016,82.69242487727934,5434.8794520547945
2026-05-15,14,Manhattan,culture_seekers,0,0,1,0,HOLDOUT_OR_PRE,none,0.0,0.0,0.0,839.392651667097,134208.4327263267,29525.855199791873,0.0,74.13591709515542,10.812983514471897,88.00074460275127,80.79624973566249,6451.038356164384
2026-05-15,14,Queens,value_explorers,1,0,1,0,HOLDOUT_OR_PRE,none,0.0,0.0,0.0,1153.6776780766486,163477.97535685357,35965.15457850778,0.0,73.12325714434948,10.644553784860843,91.26462103468542,84.44471364410242,2146.591780821918
2026-05-15,14,Staten Island,outdoor_daytrip,0,0,1,0,HOLDOUT_OR_PRE,none,0.0,0.0,0.0,138.71188674396646,18877.500286707378,4153.050063075623,0.0,66.98751770594004,9.515021935108539,88.86869779798417,78.92012522451623,97.1917808219178
2026-05-16,15,Bronx,family_discovery,0,0,1,0,HOLDOUT_OR_PRE,none,0.0,0.0,0.0,559.6041639979948,80994.20823775213,17818.725812305467,0.0,76.45529758773921,15.922953531809673,89.75096228009956,80.48933889994194,349.386301369863
2026-05-16,15,Brooklyn,local_creatives,1,0,1,0,HOLDOUT_OR_PRE,none,0.0,0.0,0.0,1226.9316446070966,171557.14414776,37742.571712507204,0.0,81.43591315146806,15.82483849244738,93.21596067103063,82.80518451137554,5434.8794520547945
2026-05-16,15,Manhattan,culture_seekers,0,0,1,0,HOLDOUT_OR_PRE,none,0.0,0.0,0.0,981.6217685783095,161094.4000576141,35440.76801267511,0.0,81.19160478056254,14.728187255510557,94.38574870954746,81.56179315877378,6451.038356164384
2026-05-16,15,Queens,value_explorers,1,0,1,0,HOLDOUT_OR_PRE,none,0.0,0.0,0.0,1287.269931671003,181835.2687846828,40003.75913263021,0.0,80.0448831755426,15.339098165040136,96.18127025811798,82.04918870073493,2146.591780821918
2026-05-16,15,Staten Island,outdoor_daytrip,0,0,1,0,HOLDOUT_OR_PRE,none,0.0,0.0,0.0,152.48458211219,21277.469091507865,4681.04320013173,0.0,75.82857253465956,14.597620457773598,90.22398879235759,85.9116234699658,97.1917808219178
2026-05-17,16,Bronx,family_discovery,0,0,1,0,HOLDOUT_OR_PRE,none,0.0,0.0,0.0,583.0507536850815,84795.50739237684,18655.011626322903,0.0,76.99621751461697,15.518113073700212,90.92671855882278,83.09042613317645,349.386301369863
2026-05-17,16,Brooklyn,local_creatives,1,0,1,0,HOLDOUT_OR_PRE,none,0.0,0.0,0.0,1210.344650683016,172263.91278668607,37898.06081307094,0.0,81.90286971147702,15.809066789437015,93.66567868689845,83.97018921958464,5434.8794520547945
2026-05-17,16,Manhattan,culture_seekers,0,0,1,0,HOLDOUT_OR_PRE,none,0.0,0.0,0.0,1019.7098431275209,160968.23429325756,35413.01154451666,0.0,81.0903326527877,14.956250962155067,92.61766850649795,82.74988634158885,6451.038356164384
2026-05-17,16,Queens,value_explorers,1,0,1,0,HOLDOUT_OR_PRE,none,0.0,0.0,0.0,1286.8116515302052,184056.5266176359,40492.43585587989,0.0,80.88840470361818,15.801620654052632,96.91656402413481,81.40154705843297,2146.591780821918
2026-05-17,16,Staten Island,outdoor_daytrip,0,0,1,0,HOLDOUT_OR_PRE,none,0.0,0.0,0.0,150.56164572632466,21648.760952585406,4762.727409568789,0.0,77.5563230753902,14.623519631199065,95.54007921576108,82.75388065393,97.1917808219178
2026-05-18,17,Bronx,family_discovery,0,0,1,0,HOLDOUT_OR_PRE,none,0.0,0.0,0.0,540.4385436426464,75570.14173019625,16625.431180643176,0.0,68.60737002526827,10.59154366366521,85.13435649465605,81.44157050844748,349.386301369863
2026-05-18,17,Brooklyn,local_creatives,1,0,1,0,HOLDOUT_OR_PRE,none,0.0,0.0,0.0,1094.130690001895,151742.5301777812,33383.356639111866,0.0,72.16833999092539,10.264670498941765,88.3520373215667,80.18741242774736,5434.8794520547945
2026-05-18,17,Manhattan,culture_seekers,0,0,1,0,HOLDOUT_OR_PRE,none,0.0,0.0,0.0,875.7593051575865,139612.12644766105,30714.66781848543,0.0,73.43594310211952,10.487255057627372,88.18339298568108,80.19764561972798,6451.038356164384
2026-05-18,17,Queens,value_explorers,1,0,1,0,HOLDOUT_OR_PRE,none,0.0,0.0,0.0,1151.0877467496127,165141.98109325668,36331.23584051647,0.0,73.25869191360725,10.887072864654408,93.15245358168715,80.45043369923575,2146.591780821918
2026-05-18,17,Staten Island,outdoor_daytrip,0,0,1,0,HOLDOUT_OR_PRE,none,0.0,0.0,0.0,125.60050604444302,17187.905660977543,3781.3392454150594,0.0,69.16288548280787,10.313371605231131,88.00662308921392,82.57377611029918,97.1917808219178
2026-05-19,18,Bronx,family_discovery,0,0,1,0,HOLDOUT_OR_PRE,none,0.0,0.0,0.0,525.6131360772266,71152.71110909696,15653.59644400133,0.0,67.7129018603119,10.240964601933522,84.49532178605662,82.01799918719277,349.386301369863
2026-05-19,18,Brooklyn,local_creatives,1,0,1,0,HOLDOUT_OR_PRE,none,0.0,0.0,0.0,1103.0405468373574,148009.0546827752,32561.992030210542,0.0,73.30189672298087,10.907266754497108,87.77257836246054,81.48140901228616,5434.8794520547945
2026-05-19,18,Manhattan,culture_seekers,0,0,1,0,HOLDOUT_OR_PRE,none,0.0,0.0,0.0,857.7030536194419,137864.00634467296,30330.081395828052,0.0,74.94545392169555,11.427200341438557,88.17544485541788,82.23046019357969,6451.038356164384
2026-05-19,18,Queens,value_explorers,1,0,1,0,HOLDOUT_OR_PRE,none,0.0,0.0,0.0,1097.5845236360024,155005.13514495103,34101.129731889225,0.0,72.61646540161762,10.571043853708213,92.44005828294301,80.89566383014557,2146.591780821918
2026-05-19,18,Staten Island,outdoor_daytrip,0,0,1,0,HOLDOUT_OR_PRE,none,0.0,0.0,0.0,131.59807182632005,17772.8863348872,3910.034993675184,0.0,67.861795605677,9.545977244558184,86.72588737264891,86.80798079692083,97.1917808219178
2026-05-20,19,Bronx,family_discovery,0,0,1,0,HOLDOUT_OR_PRE,none,0.0,0.0,0.0,498.9444708449881,66885.09473026876,14714.720840659127,0.0,66.93724487809948,9.514217807405606,85.12423475865282,80.61502150130383,349.386301369863
2026-05-20,19,Brooklyn,local_creatives,1,0,1,0,HOLDOUT_OR_PRE,none,0.0,0.0,0.0,1122.4062779878302,159355.10487780411,35058.123073116905,0.0,73.88491758809324,11.097282545126706,88.73498052870235,82.0950526754466,5434.8794520547945
2026-05-20,19,Manhattan,culture_seekers,0,0,1,0,HOLDOUT_OR_PRE,none,0.0,0.0,0.0,860.2750772469929,137188.0039011227,30181.360858246993,0.0,74.8849510282977,10.718662240083331,90.34798154482624,81.38299282431811,6451.038356164384
2026-05-20,19,Queens,value_explorers,1,0,1,0,HOLDOUT_OR_PRE,none,0.0,0.0,0.0,1106.5989235881677,162724.15944982888,35799.315078962354,0.0,70.9334536446939,9.359239481896541,92.11133896810011,81.09735878419143,2146.591780821918
2026-05-20,19,Staten Island,outdoor_daytrip,0,0,1,0,HOLDOUT_OR_PRE,none,0.0,0.0,0.0,135.51891897326243,18622.97895424736,4097.055369934419,0.0,69.27815144178903,10.905974448078258,87.51129817200851,83.27087621935144,97.1917808219178
2026-05-21,20,Bronx,family_discovery,0,0,1,0,HOLDOUT_OR_PRE,none,0.0,0.0,0.0,520.6506397434713,76890.37075447658,16915.881565984848,0.0,69.26208136949812,10.983140192125294,86.92671983837377,79.4121305810741,349.386301369863
2026-05-21,20,Brooklyn,local_creatives,1,0,1,0,HOLDOUT_OR_PRE,none,0.0,0.0,0.0,1163.5292003613442,160917.96039398268,35401.95128667619,0.0,72.06471425752677,10.28761996458232,88.20002602067638,79.34050371900571,5434.8794520547945
2026-05-21,20,Manhattan,culture_seekers,0,0,1,0,HOLDOUT_OR_PRE,none,0.0,0.0,0.0,878.8156460676439,140324.28331010632,30871.34232822339,0.0,73.40970846496292,10.281090640921468,88.07732752648414,80.42830345777112,6451.038356164384
2026-05-21,20,Queens,value_explorers,1,0,1,0,HOLDOUT_OR_PRE,none,0.0,0.0,0.0,1132.3145838265043,162270.25136115545,35699.455299454195,0.0,72.77392672417719,10.542891939497752,92.7833133621803,80.63295990987513,2146.591780821918
2026-05-21,20,Staten Island,outdoor_daytrip,0,0,1,0,HOLDOUT_OR_PRE,none,0.0,0.0,0.0,131.03702919348407,18217.09201047802,4007.7602423051644,0.0,67.57807336252313,10.04104495166008,87.2395237208514,83.41973541209101,97.1917808219178
2026-05-22,21,Bronx,family_discovery,0,0,1,0,HOLDOUT_OR_PRE,none,0.0,0.0,0.0,538.1102086519843,72913.69801354888,16041.013562980756,0.0,68.44558616298836,10.680360321906306,85.68041978041364,77.97890183457821,349.386301369863
2026-05-22,21,Brooklyn,local_creatives,1,0,1,0,HOLDOUT_OR_PRE,none,0.0,0.0,0.0,1116.4739765497905,163941.1094599683,36067.04408119303,0.0,73.98973427293006,10.877414705012809,90.17798801051951,80.6210104310287,5434.8794520547945
2026-05-22,21,Manhattan,culture_seekers,0,0,1,0,HOLDOUT_OR_PRE,none,0.0,0.0,0.0,884.0134654527578,144803.9286358477,31856.864299886493,0.0,74.18008497092258,11.015869477432814,89.10779372776068,80.32455284738164,6451.038356164384
2026-05-22,21,Queens,value_explorers,1,0,1,0,HOLDOUT_OR_PRE,none,0.0,0.0,0.0,1099.7802000760755,159007.72423322845,34981.69933131026,0.0,72.37361650961772,10.89117382500727,92.60960506553205,77.2582487744598,2146.591780821918
2026-05-22,21,Staten Island,outdoor_daytrip,0,0,1,0,HOLDOUT_OR_PRE,none,0.0,0.0,0.0,132.58783436397025,18184.209503790993,4000.5260908340183,0.0,67.9294845764205,10.911047907917094,88.34511865667764,76.83484316120783,97.1917808219178
2026-05-23,22,Bronx,family_discovery,0,0,1,0,HOLDOUT_OR_PRE,none,0.0,0.0,0.0,575.4246016573486,87300.88867753153,19206.19550905694,0.0,77.00797170621277,15.910358133475663,91.43911682301213,80.17939819132656,349.386301369863
2026-05-23,22,Brooklyn,local_creatives,1,0,1,0,HOLDOUT_OR_PRE,none,0.0,0.0,0.0,1287.321737532956,184875.71302684813,40672.65686590659,0.0,81.80180745573321,16.494723948816578,94.32567662721421,79.21579723963802,5434.8794520547945
2026-05-23,22,Manhattan,culture_seekers,0,0,1,0,HOLDOUT_OR_PRE,none,0.0,0.0,0.0,1037.4999121418716,171163.0982712668,37655.881619678694,0.0,82.17186099242214,15.47435114430496,94.85788919564136,80.15727719912823,6451.038356164384
2026-05-23,22,Queens,value_explorers,1,0,1,0,HOLDOUT_OR_PRE,none,0.0,0.0,0.0,1266.230152320976,174881.1714768805,38473.85772491371,0.0,80.1907887056029,16.016119346180883,95.13619496669904,79.55672617258524,2146.591780821918
2026-05-23,22,Staten Island,outdoor_daytrip,0,0,1,0,HOLDOUT_OR_PRE,none,0.0,0.0,0.0,128.52365839590772,18519.249702084937,4074.234934458686,0.0,74.34326364994891,15.364487981965073,90.35606451723115,76.06647915692702,97.1917808219178
2026-05-24,23,Bronx,family_discovery,0,0,1,0,HOLDOUT_OR_PRE,none,0.0,0.0,0.0,577.8880514002702,82533.73869282921,18157.422512422425,0.0,75.7386546520682,15.19903731708752,91.2320621962494,78.9539588441602,349.386301369863
2026-05-24,23,Brooklyn,local_creatives,1,0,1,0,HOLDOUT_OR_PRE,none,0.0,0.0,0.0,1244.690538268141,182573.2381320898,40166.11238905976,0.0,80.68197458341426,15.517699317235014,93.8834334332579,79.74537471980258,5434.8794520547945
2026-05-24,23,Manhattan,culture_seekers,0,0,1,0,HOLDOUT_OR_PRE,none,0.0,0.0,0.0,1004.9563594633562,168435.88115460353,37055.89385401278,0.0,82.20732713275582,16.46506423035314,93.33112530288963,78.61465925151698,6451.038356164384
2026-05-24,23,Queens,value_explorers,1,0,1,0,HOLDOUT_OR_PRE,none,0.0,0.0,0.0,1228.9156762084726,184252.06046591836,40535.45330250204,0.0,79.8893248662638,15.811030075680288,96.16360311679587,79.06245868742958,2146.591780821918
2026-05-24,23,Staten Island,outdoor_daytrip,0,0,1,0,HOLDOUT_OR_PRE,none,0.0,0.0,0.0,149.97448940346544,20374.52308749912,4482.395079249806,0.0,75.76539775117251,15.49295940405301,91.43618727341841,80.658082153871,97.1917808219178
2026-05-25,24,Bronx,family_discovery,0,0,1,0,HOLDOUT_OR_PRE,none,0.0,0.0,0.0,613.8935989123605,88987.86651022531,19577.33063224957,0.0,82.55091417408778,19.710396995765755,93.46615388596456,77.86462688425739,349.386301369863
2026-05-25,24,Brooklyn,local_creatives,1,0,1,0,HOLDOUT_OR_PRE,none,0.0,0.0,0.0,1289.7222663139723,183225.9745670282,40309.714404746206,0.0,86.52826385384152,19.879203566910824,95.23916665503896,77.88916203721465,5434.8794520547945
2026-05-25,24,Manhattan,culture_seekers,0,0,1,0,HOLDOUT_OR_PRE,none,0.0,0.0,0.0,1028.5939967104928,175676.7042138708,38648.87492705158,0.0,86.86799608657067,19.180571417874628,96.5091576667175,77.23823151656892,6451.038356164384
2026-05-25,24,Queens,value_explorers,1,0,1,0,HOLDOUT_OR_PRE,none,0.0,0.0,0.0,1341.3062469733427,193600.34867173355,42592.07670778138,0.0,84.60221341366577,19.09574297539617,97.59764501739936,78.70981053972572,2146.591780821918
2026-05-25,24,Staten Island,outdoor_daytrip,0,0,1,0,HOLDOUT_OR_PRE,none,0.0,0.0,0.0,171.57165019301516,24027.11238163816,5285.964723960395,0.0,82.90541586048127,20.249823016360722,95.53420214040628,80.04741052320168,97.1917808219178
2026-05-26,25,Bronx,family_discovery,0,0,1,0,HOLDOUT_OR_PRE,none,0.0,0.0,0.0,525.5228968410194,74101.46104332343,16302.321429531155,0.0,67.95600911827228,10.898707855930759,85.28409354040139,76.78788444760164,349.386301369863
2026-05-26,25,Brooklyn,local_creatives,1,0,1,0,HOLDOUT_OR_PRE,none,0.0,0.0,0.0,1102.7624635046618,149696.9871730426,32933.33717806938,0.0,72.93128272071375,10.990765702630474,89.16086677471571,77.99066163122268,5434.8794520547945
2026-05-26,25,Manhattan,culture_seekers,0,0,1,0,HOLDOUT_OR_PRE,none,0.0,0.0,0.0,891.3797913980482,137819.47607417346,30320.28473631816,0.0,73.38117705343673,10.948508066554544,87.73074426077457,77.29708404576478,6451.038356164384
2026-05-26,25,Queens,value_explorers,1,0,1,0,HOLDOUT_OR_PRE,none,0.0,0.0,0.0,1154.666799838612,171161.57345844948,37655.54616085889,0.0,72.50426197487614,10.564112296458338,93.21224215486622,77.8710742427633,2146.591780821918
2026-05-26,25,Staten Island,outdoor_daytrip,0,0,1,0,HOLDOUT_OR_PRE,none,0.0,0.0,0.0,137.4328567075971,19705.521083041236,4335.214638269072,0.0,68.62318631697472,11.029982484926805,89.10279077086743,74.0196317350433,97.1917808219178
2026-05-27,26,Bronx,family_discovery,0,0,1,0,HOLDOUT_OR_PRE,none,0.0,0.0,0.0,517.1898228481252,73040.52205136411,16068.914851300104,0.0,69.26870352921293,10.945651648254849,86.9028532544068,79.60619579532911,349.386301369863
2026-05-27,26,Brooklyn,local_creatives,1,0,1,0,HOLDOUT_OR_PRE,none,0.0,0.0,0.0,1107.9475092089583,153233.91271175124,33711.46079658527,0.0,72.51973919675416,10.661119963825145,88.99192546447404,77.31275227825326,5434.8794520547945
2026-05-27,26,Manhattan,culture_seekers,0,0,1,0,HOLDOUT_OR_PRE,none,0.0,0.0,0.0,902.5304864189123,137593.6246765445,30270.597428839792,0.0,73.84906334895707,10.968258606983275,89.35506208884968,75.98932103047578,6451.038356164384
2026-05-27,26,Queens,value_explorers,1,0,1,0,HOLDOUT_OR_PRE,none,0.0,0.0,0.0,1134.9128132312514,160691.3528965712,35352.097637245664,0.0,71.26163955846522,10.460150770255414,92.1063670602948,74.9368493808546,2146.591780821918
2026-05-27,26,Staten Island,outdoor_daytrip,0,0,1,0,HOLDOUT_OR_PRE,none,0.0,0.0,0.0,147.53118546948414,19831.655571286086,4362.964225682939,0.0,65.04677274632868,9.294542521406338,85.47524558485013,74.9526971148862,97.1917808219178
2026-05-28,27,Bronx,family_discovery,0,0,1,0,HOLDOUT_OR_PRE,none,0.0,0.0,0.0,548.5194547373758,73669.52703165013,16207.295946963028,0.0,68.31389688433353,10.561264850062908,86.39815151836639,78.24272579605025,349.386301369863
2026-05-28,27,Brooklyn,local_creatives,1,0,1,0,HOLDOUT_OR_PRE,none,0.0,0.0,0.0,1119.6245779484238,161560.83202785018,35543.38304612704,0.0,72.04826592509448,10.875229411855349,90.18916155980271,73.1293546063058,5434.8794520547945
2026-05-28,27,Manhattan,culture_seekers,0,0,1,0,HOLDOUT_OR_PRE,none,0.0,0.0,0.0,902.6257222118809,142039.11761537901,31248.605875383382,0.0,73.74914229892536,11.271515001785897,89.15288339568625,74.51352564318925,6451.038356164384
2026-05-28,27,Queens,value_explorers,1,0,1,0,HOLDOUT_OR_PRE,none,0.0,0.0,0.0,1134.2623760864499,166230.91485434907,36570.8012679568,0.0,73.01656516846428,11.497610953587756,93.42723753022752,75.77786037970822,2146.591780821918
2026-05-28,27,Staten Island,outdoor_daytrip,0,0,1,0,HOLDOUT_OR_PRE,none,0.0,0.0,0.0,112.40193535854084,16006.97739945688,3521.5350278805136,0.0,64.63930003427792,9.470697070934827,86.34544056922124,70.04373285650162,97.1917808219178
2026-05-29,28,Bronx,family_discovery,0,0,1,0,HOLDOUT_OR_PRE,none,0.0,0.0,0.0,548.3436384540898,73373.51036690501,16142.172280719104,0.0,65.97918653353716,10.460186475278006,84.96289605952279,71.73151585160447,349.386301369863
2026-05-29,28,Brooklyn,local_creatives,1,0,1,0,HOLDOUT_OR_PRE,none,0.0,0.0,0.0,1083.0310953629585,152461.93624956318,33541.6259749039,0.0,71.18797356472811,10.48414500433614,88.81727484445274,73.04923813558653,5434.8794520547945
2026-05-29,28,Manhattan,culture_seekers,0,0,1,0,HOLDOUT_OR_PRE,none,0.0,0.0,0.0,877.8630741416716,143475.95207427265,31564.70945633998,0.0,73.32530400501886,11.156375087480457,89.62854571685202,72.56078819006188,6451.038356164384
2026-05-29,28,Queens,value_explorers,1,0,1,0,HOLDOUT_OR_PRE,none,0.0,0.0,0.0,1139.708995309861,166645.3246455949,36661.971422030874,0.0,71.95891346910688,11.277258274043993,91.42277702586884,74.94855605378227,2146.591780821918
2026-05-29,28,Staten Island,outdoor_daytrip,0,0,1,0,HOLDOUT_OR_PRE,none,0.0,0.0,0.0,149.09563318758762,20931.29133170552,4604.884092975215,0.0,68.65506836977343,10.97475930339324,92.27924963923238,71.08107874614322,97.1917808219178
2026-05-30,29,Bronx,family_discovery,0,0,1,0,HOLDOUT_OR_PRE,none,0.0,0.0,0.0,582.823927726371,81822.86391745822,18001.030061840807,0.0,76.42096263417568,16.44350567128857,92.15325841784275,72.7719946317948,349.386301369863
2026-05-30,29,Brooklyn,local_creatives,1,0,1,0,HOLDOUT_OR_PRE,none,0.0,0.0,0.0,1228.7201494243268,172851.18455223483,38027.26060149166,0.0,79.03811744381251,15.387569444191632,92.71128158032613,73.91469046169695,5434.8794520547945
2026-05-30,29,Manhattan,culture_seekers,0,0,1,0,HOLDOUT_OR_PRE,none,0.0,0.0,0.0,989.5341490902475,159982.84137337416,35196.225102142314,0.0,80.85468027739968,15.916800464935234,95.23517149726071,69.83945736940231,6451.038356164384
2026-05-30,29,Queens,value_explorers,1,0,1,0,HOLDOUT_OR_PRE,none,0.0,0.0,0.0,1262.37444559647,175697.41621937646,38653.43156826282,0.0,78.79348618525951,15.410907190749649,96.09782389663067,73.50929353495583,2146.591780821918
2026-05-30,29,Staten Island,outdoor_daytrip,0,0,1,0,HOLDOUT_OR_PRE,none,0.0,0.0,0.0,150.07128766146326,22306.89399763652,4907.516679480035,0.0,73.47036510578266,14.718447811685555,91.98467800224037,74.09221683593067,97.1917808219178
2026-05-31,30,Bronx,family_discovery,0,0,1,0,HOLDOUT_OR_PRE,none,0.0,0.0,0.0,559.1272754450931,81552.76074937364,17941.6073648622,0.0,74.8119889106382,15.48085946389325,90.20951264202117,74.73703063520601,349.386301369863
2026-05-31,30,Brooklyn,local_creatives,1,0,1,0,HOLDOUT_OR_PRE,none,0.0,0.0,0.0,1269.0702768140518,177420.04266937627,39032.40938726278,0.0,80.76547802806704,16.76450900575937,93.95986284107579,72.41355952540644,5434.8794520547945
2026-05-31,30,Manhattan,culture_seekers,0,0,1,0,HOLDOUT_OR_PRE,none,0.0,0.0,0.0,1015.1974762064978,165517.4706564196,36413.84354441232,0.0,80.51356555603238,15.58079212705186,93.95327501955529,71.1617439263163,6451.038356164384
2026-05-31,30,Queens,value_explorers,1,0,1,0,HOLDOUT_OR_PRE,none,0.0,0.0,0.0,1256.7294487451065,175368.7168101259,38581.117698227696,0.0,79.92649448354479,16.605969290711588,96.75141228449621,73.07829251179609,2146.591780821918
2026-05-31,30,Staten Island,outdoor_daytrip,0,0,1,0,HOLDOUT_OR_PRE,none,0.0,0.0,0.0,164.67240388453897,22791.534510453268,5014.137592299719,0.0,73.11542937914166,14.164962443873728,90.99038503270783,75.5561245840108,97.1917808219178
2026-06-01,31,Bronx,family_discovery,0,0,1,0,HOLDOUT_OR_PRE,none,0.0,0.0,0.0,521.2863932249082,71447.7259517442,15718.499709383725,0.0,67.14478336549155,10.87954061596368,86.72202478991845,70.49108618442673,349.386301369863
2026-06-01,31,Brooklyn,local_creatives,1,0,1,0,HOLDOUT_OR_PRE,none,0.0,0.0,0.0,1106.4543304245121,151921.4565125474,33422.72043276043,0.0,70.24197123937324,10.650088571290965,87.00145061759822,69.73382968113233,5434.8794520547945
2026-06-01,31,Manhattan,culture_seekers,0,0,1,0,HOLDOUT_OR_PRE,none,0.0,0.0,0.0,898.7436529245585,145509.0032171345,32011.98070776959,0.0,70.72036783567154,9.784479332570092,88.70961571998038,69.06453267027652,6451.038356164384
2026-06-01,31,Queens,value_explorers,1,0,1,0,HOLDOUT_OR_PRE,none,0.0,0.0,0.0,1079.1289831909985,154911.43666243012,34080.51606573463,0.0,69.5775870257039,10.048243996957472,91.91659835815517,69.71385542716169,2146.591780821918
2026-06-01,31,Staten Island,outdoor_daytrip,0,0,1,0,HOLDOUT_OR_PRE,none,0.0,0.0,0.0,112.11281268750686,16554.01487205596,3641.883271852311,0.0,63.983609002967206,8.835178568114253,88.88182807192233,67.72389487793876,97.1917808219178
2026-06-02,32,Bronx,family_discovery,0,0,1,0,HOLDOUT_OR_PRE,none,0.0,0.0,0.0,506.4613337906466,70664.3605257588,15546.159315666937,0.0,67.87453152662071,11.269278334024369,87.9047272056547,70.02609104000604,349.386301369863
2026-06-02,32,Brooklyn,local_creatives,1,0,1,0,HOLDOUT_OR_PRE,none,0.0,0.0,0.0,1105.542915279529,149467.4419705668,32882.8372335247,0.0,69.81311297025452,10.649625762597736,87.30943423931207,66.01058945975323,5434.8794520547945
2026-06-02,32,Manhattan,culture_seekers,0,0,1,0,HOLDOUT_OR_PRE,none,0.0,0.0,0.0,839.9548105331266,131576.26744179442,28946.77883719477,0.0,72.66472336090523,11.252887676294606,90.20699233565071,68.60594741758499,6451.038356164384
2026-06-02,32,Queens,value_explorers,1,0,1,0,HOLDOUT_OR_PRE,none,0.0,0.0,0.0,1089.8678436289192,155886.01702166247,34294.92374476574,0.0,70.87579149213641,10.970623572336484,93.64872667622916,67.29025461350582,2146.591780821918
2026-06-02,32,Staten Island,outdoor_daytrip,0,0,1,0,HOLDOUT_OR_PRE,none,0.0,0.0,0.0,136.64076474647334,18889.582680100262,4155.708189622058,0.0,62.10382448464827,8.84461034091011,83.64852988907779,65.54041071920378,97.1917808219178
2026-06-03,33,Bronx,family_discovery,0,0,1,0,HOLDOUT_OR_PRE,none,0.0,0.0,0.0,526.3782662408029,75390.36578475121,16585.880472645265,0.0,66.00637977041501,10.823321839599256,84.41935291070466,68.7951031656329,349.386301369863
2026-06-03,33,Brooklyn,local_creatives,1,0,1,0,HOLDOUT_OR_PRE,none,0.0,0.0,0.0,1058.4739509614178,147680.5491323074,32489.72080910763,0.0,71.16842275354047,10.99186740842866,90.3135701341492,67.19796072843305,5434.8794520547945
2026-06-03,33,Manhattan,culture_seekers,0,0,1,0,HOLDOUT_OR_PRE,none,0.0,0.0,0.0,845.5510336996823,131265.48312376052,28878.406287227317,0.0,71.23534144254047,10.946275512970464,87.72589892573338,66.5470539990957,6451.038356164384
2026-06-03,33,Queens,value_explorers,1,0,1,0,HOLDOUT_OR_PRE,none,0.0,0.0,0.0,1128.1106885064034,156780.35139748492,34491.677307446684,0.0,70.17704621494413,10.99150992249191,92.40245581668782,66.89010005994885,2146.591780821918
2026-06-03,33,Staten Island,outdoor_daytrip,0,0,1,0,HOLDOUT_OR_PRE,none,0.0,0.0,0.0,134.42959429392505,19138.04731301763,4210.370408863879,0.0,67.10947266709272,10.962586541487507,88.31574294469303,69.08941440108791,97.1917808219178
2026-06-04,34,Bronx,family_discovery,0,0,1,0,HOLDOUT_OR_PRE,none,0.0,0.0,0.0,528.771500474775,72035.99552021993,15847.919014448385,0.0,64.8160819313297,10.404434345337425,84.89161449367724,66.02996300322869,349.386301369863
2026-06-04,34,Brooklyn,local_creatives,1,0,1,0,HOLDOUT_OR_PRE,none,0.0,0.0,0.0,1067.3442465485498,159757.957140912,35146.750571000644,0.0,69.94058447732566,10.252788316255911,89.13970885201027,67.06170729561735,5434.8794520547945
2026-06-04,34,Manhattan,culture_seekers,0,0,1,0,HOLDOUT_OR_PRE,none,0.0,0.0,0.0,852.2271726782969,133887.700477447,29455.29410503834,0.0,71.88059635573713,11.014261371920304,90.49533874749783,64.94087264530512,6451.038356164384
2026-06-04,34,Queens,value_explorers,1,0,1,0,HOLDOUT_OR_PRE,none,0.0,0.0,0.0,1084.3140311340517,160535.53518084632,35317.81773978619,0.0,70.0303210158314,10.752966576308369,92.99748444190423,65.7146792801822,2146.591780821918
2026-06-04,34,Staten Island,outdoor_daytrip,0,0,1,0,HOLDOUT_OR_PRE,none,0.0,0.0,0.0,136.46745795174144,20016.314571689796,4403.589205771756,0.0,62.171963055624055,8.328644995700877,89.05741555365917,59.6606178561845,97.1917808219178
2026-06-05,35,Bronx,family_discovery,0,0,1,0,HOLDOUT_OR_PRE,none,0.0,0.0,0.0,485.1731096776813,63986.1020641317,14076.942454108974,0.0,65.51225556566203,10.570373083905295,85.45915523838536,66.92595252377836,349.386301369863
2026-06-05,35,Brooklyn,local_creatives,1,0,1,0,HOLDOUT_OR_PRE,none,0.0,0.0,0.0,1089.5977470613059,150175.9427511592,33038.70740525502,0.0,69.98653655270043,10.887293703064202,87.99758804405165,64.7322708780027,5434.8794520547945
2026-06-05,35,Manhattan,culture_seekers,0,0,1,0,HOLDOUT_OR_PRE,none,0.0,0.0,0.0,872.2651967262607,140317.25750109827,30869.79665024162,0.0,71.79151499175349,10.99148920564522,89.41038355269788,65.44028897904882,6451.038356164384
2026-06-05,35,Queens,value_explorers,1,0,1,0,HOLDOUT_OR_PRE,none,0.0,0.0,0.0,1111.021156469058,160185.5127100537,35240.812796211816,0.0,70.37742202078513,10.987431235272958,93.33825037688598,65.93639567972106,2146.591780821918
2026-06-05,35,Staten Island,outdoor_daytrip,0,0,1,0,HOLDOUT_OR_PRE,none,0.0,0.0,0.0,130.19654870710215,18378.232121918012,4043.2110668219625,0.0,66.69353515612787,11.274387260591508,86.85681355006435,68.83628465801266,97.1917808219178
2026-06-06,36,Bronx,family_discovery,0,0,1,0,HOLDOUT_OR_PRE,none,0.0,0.0,0.0,590.3351723024234,87240.4669345731,19192.90272560608,0.0,74.3919111136842,16.397985282134208,92.64135134644268,61.568873276297964,349.386301369863
2026-06-06,36,Brooklyn,local_creatives,1,0,1,0,HOLDOUT_OR_PRE,none,0.0,0.0,0.0,1149.940358346894,169329.83762084888,37252.56427658675,0.0,77.97921147347522,16.093534575055095,93.10037863649254,63.78126803209472,5434.8794520547945
2026-06-06,36,Manhattan,culture_seekers,0,0,1,0,HOLDOUT_OR_PRE,none,0.0,0.0,0.0,988.6323414620443,160348.729869643,35276.72057132146,0.0,79.36540651267813,15.94637139899235,94.38530020547869,63.85291565217386,6451.038356164384
2026-06-06,36,Queens,value_explorers,1,0,1,0,HOLDOUT_OR_PRE,none,0.0,0.0,0.0,1226.3528301935035,185329.4307580238,40772.47476676524,0.0,76.83535441600397,16.041282773606646,96.51757831034075,60.94378883795905,2146.591780821918
2026-06-06,36,Staten Island,outdoor_daytrip,0,0,1,0,HOLDOUT_OR_PRE,none,0.0,0.0,0.0,136.68795129943132,19522.23614093869,4294.891951006512,0.0,72.589447657028,14.684222298352847,92.0822795691828,66.99144023042851,97.1917808219178
2026-06-07,37,Bronx,family_discovery,0,0,1,0,HOLDOUT_OR_PRE,none,0.0,0.0,0.0,542.362640754335,75706.1527735726,16655.35361018597,0.0,72.70768885168329,15.467422494935278,90.44289320838365,62.82692488287718,349.386301369863
2026-06-07,37,Brooklyn,local_creatives,1,0,1,0,HOLDOUT_OR_PRE,none,0.0,0.0,0.0,1151.3438951672586,165150.26064767782,36333.05734248912,0.0,77.7363546992257,15.870906748934445,92.81366765843907,64.21515426206528,5434.8794520547945
2026-06-07,37,Manhattan,culture_seekers,0,0,1,0,HOLDOUT_OR_PRE,none,0.0,0.0,0.0,983.5666963414309,162211.34558041985,35686.49602769237,0.0,78.30982936414934,15.791688795550366,94.0562834002822,61.14249221832148,6451.038356164384
2026-06-07,37,Queens,value_explorers,1,0,1,0,HOLDOUT_OR_PRE,none,0.0,0.0,0.0,1211.820795143793,181126.9099903606,39847.920197879335,0.0,77.13435571169758,15.95957603349862,97.1424119751242,62.733870326757774,2146.591780821918
2026-06-07,37,Staten Island,outdoor_daytrip,0,0,1,0,HOLDOUT_OR_PRE,none,0.0,0.0,0.0,125.11171247259084,18190.68867429294,4001.951508344446,0.0,72.8869574575128,16.48146203045181,90.41275076893815,58.83190891392494,97.1917808219178
2026-06-08,38,Bronx,family_discovery,0,0,1,0,HOLDOUT_OR_PRE,none,0.0,0.0,0.0,490.1353398148839,66925.00445450716,14723.500979991575,0.0,66.21078193569609,11.481117546927097,87.45333614133321,60.18737630756201,349.386301369863
2026-06-08,38,Brooklyn,local_creatives,1,0,1,0,HOLDOUT_OR_PRE,none,0.0,0.0,0.0,1029.9191570552912,146947.47638727629,32328.444805200783,0.0,68.86566920258221,10.50174832447629,88.12975916560825,61.321139170978036,5434.8794520547945
2026-06-08,38,Manhattan,culture_seekers,0,0,1,0,HOLDOUT_OR_PRE,none,0.0,0.0,0.0,796.0688508284744,130218.71888775378,28648.118155305834,0.0,69.46408531420803,10.323923875995133,88.3956075031384,60.187171962034874,6451.038356164384
2026-06-08,38,Queens,value_explorers,1,0,1,0,HOLDOUT_OR_PRE,none,0.0,0.0,0.0,1038.3919976806535,149354.10007029187,32857.90201546421,0.0,68.72120915547495,10.83939824940231,91.78953723641807,61.30955763395724,2146.591780821918
2026-06-08,38,Staten Island,outdoor_daytrip,0,0,1,0,HOLDOUT_OR_PRE,none,0.0,0.0,0.0,137.40062683021725,19159.823743418005,4215.1612235519615,0.0,66.1029347402443,10.930983432079714,87.39490504173642,67.3186373980265,97.1917808219178
2026-06-09,39,Bronx,family_discovery,0,0,1,0,HOLDOUT_OR_PRE,none,0.0,0.0,0.0,462.23946763299955,67109.4519282905,14764.079424223908,0.0,65.65143143074877,10.58380394670209,88.26030051089494,61.65224007884977,349.386301369863
2026-06-09,39,Brooklyn,local_creatives,1,0,1,0,HOLDOUT_OR_PRE,none,0.0,0.0,0.0,1050.2152987229952,147179.84603324055,32379.566127312923,0.0,69.6610885723504,10.799384039074793,88.62414206850032,62.04853754728507,5434.8794520547945
2026-06-09,39,Manhattan,culture_seekers,0,0,1,0,HOLDOUT_OR_PRE,none,0.0,0.0,0.0,813.048903719803,130747.85982291099,28764.52916104042,0.0,71.31540183751473,11.481188040978985,89.50633235352306,60.18665361032792,6451.038356164384
2026-06-09,39,Queens,value_explorers,1,0,1,0,HOLDOUT_OR_PRE,none,0.0,0.0,0.0,1016.1299992003065,145107.2566536055,31923.59646379321,0.0,68.01053637634409,10.182831351881902,92.26137299216174,60.13827635733031,2146.591780821918
2026-06-09,39,Staten Island,outdoor_daytrip,0,0,1,0,HOLDOUT_OR_PRE,none,0.0,0.0,0.0,119.24700952632908,16245.221433293977,3573.948715324675,0.0,66.22726955694759,11.844521120579167,85.2481105791308,63.75320870978428,97.1917808219178
2026-06-10,40,Bronx,family_discovery,0,0,1,0,HOLDOUT_OR_PRE,none,0.0,0.0,0.0,458.0414373830009,61824.32329729751,13601.351125405452,0.0,63.33723914607149,9.476272840445208,86.47136753479091,59.52543918871648,349.386301369863
2026-06-10,40,Brooklyn,local_creatives,1,0,1,0,HOLDOUT_OR_PRE,none,0.0,0.0,0.0,1032.629805385026,144230.74133016847,31730.763092637066,0.0,69.47729114056041,11.252361643030579,87.99922422307486,60.938708592325966,5434.8794520547945
2026-06-10,40,Manhattan,culture_seekers,0,0,1,0,HOLDOUT_OR_PRE,none,0.0,0.0,0.0,865.2039118727116,137258.70486690133,30196.915070718293,0.0,70.82311078960069,10.987477827772118,89.13849668638852,61.9961519097965,6451.038356164384
2026-06-10,40,Queens,value_explorers,1,0,1,0,HOLDOUT_OR_PRE,none,0.0,0.0,0.0,1044.0049526571345,147305.21442356042,32407.147173183293,0.0,67.57638106562476,10.27201132608087,92.71350482894759,56.925577163946244,2146.591780821918
2026-06-10,40,Staten Island,outdoor_daytrip,0,0,1,0,HOLDOUT_OR_PRE,none,0.0,0.0,0.0,106.46886100412499,14980.358132879544,3295.6787892334996,0.0,66.40431525098931,11.184762872049763,90.43739890941414,59.391933164151666,97.1917808219178
2026-06-11,41,Bronx,family_discovery,0,0,1,0,HOLDOUT_OR_PRE,none,0.0,0.0,0.0,489.0350238843797,67314.00816341088,14809.081795950393,0.0,64.40040672394724,10.821575373113825,86.76537714284589,57.08207251997119,349.386301369863
2026-06-11,41,Brooklyn,local_creatives,1,0,1,0,HOLDOUT_OR_PRE,none,0.0,0.0,0.0,1031.582302886227,152516.16740351656,33553.556828773646,0.0,69.42232212155162,11.298045376337805,89.02437125860567,59.24540012176554,5434.8794520547945
2026-06-11,41,Manhattan,culture_seekers,0,0,1,0,HOLDOUT_OR_PRE,none,0.0,0.0,0.0,817.3461808336393,127142.63046508253,27971.378702318158,0.0,70.42845827828765,10.863364527372399,89.04188253694693,60.97199977247419,6451.038356164384
2026-06-11,41,Queens,value_explorers,1,0,1,0,HOLDOUT_OR_PRE,none,0.0,0.0,0.0,1013.2493300148543,142387.4489689085,31325.23877315987,0.0,68.35237715750594,11.056616638632466,90.85363272133202,59.03055840575219,2146.591780821918
2026-06-11,41,Staten Island,outdoor_daytrip,0,0,1,0,HOLDOUT_OR_PRE,none,0.0,0.0,0.0,123.05946778334136,16969.601343132967,3733.312295489253,0.0,64.89084961091206,10.897343776484444,87.44635117590762,60.17210405150257,97.1917808219178
2026-06-12,42,Bronx,family_discovery,0,0,1,0,HOLDOUT_OR_PRE,none,0.0,0.0,0.0,464.2306386542674,67267.29235981317,14798.804319158899,0.0,64.04185899993522,10.21173752997301,87.03268272286553,58.28497265506271,349.386301369863
2026-06-12,42,Brooklyn,local_creatives,1,0,1,0,HOLDOUT_OR_PRE,none,0.0,0.0,0.0,1000.9092632977017,134118.33855740578,29506.03448262927,0.0,68.06236261650966,10.749992485488312,88.08275396571847,56.566959448965044,5434.8794520547945
2026-06-12,42,Manhattan,culture_seekers,0,0,1,0,HOLDOUT_OR_PRE,none,0.0,0.0,0.0,797.4811493136634,126196.80187209765,27763.296411861484,0.0,69.58991360409962,11.137598886737242,87.97100484361346,57.04812220270011,6451.038356164384
2026-06-12,42,Queens,value_explorers,1,0,1,0,HOLDOUT_OR_PRE,none,0.0,0.0,0.0,1000.7110784368289,140038.87912430993,30808.553407348183,0.0,67.37853590856656,10.501581692589163,90.82047889638964,57.71308392870583,2146.591780821918
2026-06-12,42,Staten Island,outdoor_daytrip,0,0,1,0,HOLDOUT_OR_PRE,none,0.0,0.0,0.0,131.99931897358374,17962.206012177736,3951.685322679102,0.0,62.18218950348559,9.962073428818263,85.02858896107446,59.32598865533222,97.1917808219178
2026-06-13,43,Bronx,family_discovery,0,0,1,0,HOLDOUT_OR_PRE,none,0.0,0.0,0.0,522.1416177803152,75952.48958270565,16709.54770819524,0.0,70.05141138266407,14.301516252467247,90.71918227981273,56.00570747370782,349.386301369863
2026-06-13,43,Brooklyn,local_creatives,1,0,1,0,HOLDOUT_OR_PRE,none,0.0,0.0,0.0,1107.8371366222245,156784.80101452215,34492.65622319487,0.0,75.0133723780203,15.221132083174613,93.189273153053,54.23459353966495,5434.8794520547945
2026-06-13,43,Manhattan,culture_seekers,0,0,1,0,HOLDOUT_OR_PRE,none,0.0,0.0,0.0,860.9710560460422,132484.0158239613,29146.483481271483,0.0,76.80995758159543,15.445927299496098,93.83076792263056,56.22623627443145,6451.038356164384
2026-06-13,43,Queens,value_explorers,1,0,1,0,HOLDOUT_OR_PRE,none,0.0,0.0,0.0,1146.225840424735,164054.46832330382,36091.98303112684,0.0,75.24887560935153,15.76735729715556,96.02566230151726,55.59771726677963,2146.591780821918
2026-06-13,43,Staten Island,outdoor_daytrip,0,0,1,0,HOLDOUT_OR_PRE,none,0.0,0.0,0.0,135.03968231121084,19266.637594329157,4238.660270752414,0.0,72.49512321040098,16.749969867670917,91.85711399904287,56.20251112074145,97.1917808219178
2026-06-14,44,Bronx,family_discovery,0,0,1,0,HOLDOUT_OR_PRE,none,0.0,0.0,0.0,469.79866179204174,70301.50466286264,15466.331025829782,0.0,71.13636922107187,15.365391326863243,91.01944015756575,54.2378231623198,349.386301369863
2026-06-14,44,Brooklyn,local_creatives,1,0,1,0,HOLDOUT_OR_PRE,none,0.0,0.0,0.0,1095.944467177068,154910.02386179136,34080.205249594095,0.0,74.49734748364669,14.828198399548686,94.14482616225634,53.09173086846238,5434.8794520547945
2026-06-14,44,Manhattan,culture_seekers,0,0,1,0,HOLDOUT_OR_PRE,none,0.0,0.0,0.0,883.6365209406447,143747.32435985038,31624.411359167083,0.0,76.64375126687426,15.795284552928356,92.65355140831836,54.514746530596106,6451.038356164384
2026-06-14,44,Queens,value_explorers,1,0,1,0,HOLDOUT_OR_PRE,none,0.0,0.0,0.0,1143.1905824631126,161653.8854622654,35563.85480169839,0.0,75.4616257354183,16.278833911525965,96.29564592751824,52.66751672108998,2146.591780821918
2026-06-14,44,Staten Island,outdoor_daytrip,0,0,1,0,HOLDOUT_OR_PRE,none,0.0,0.0,0.0,116.14616047133497,16614.91720750837,3655.2817856518413,0.0,70.43524942561203,14.9021767098782,94.09090174164359,53.18469413044811,97.1917808219178
2026-06-15,45,Bronx,family_discovery,0,0,1,0,HOLDOUT_OR_PRE,none,0.0,0.0,0.0,458.4741602925064,63574.149218659135,13986.31282810501,0.0,62.82807718932961,10.20154642520864,85.42719154572194,56.212551528151025,349.386301369863
2026-06-15,45,Brooklyn,local_creatives,1,0,1,0,HOLDOUT_OR_PRE,none,0.0,0.0,0.0,945.6318943152156,130607.45831814599,28733.640829992117,0.0,68.5390637241137,10.920047744039369,89.7954131656374,54.1145461024798,5434.8794520547945
2026-06-15,45,Manhattan,culture_seekers,0,0,1,0,HOLDOUT_OR_PRE,none,0.0,0.0,0.0,771.2037549910405,123948.25782856137,27268.616722283503,0.0,67.93344250031438,10.181087282189136,88.15985866621307,54.43384130982575,6451.038356164384
2026-06-15,45,Queens,value_explorers,1,0,1,0,HOLDOUT_OR_PRE,none,0.0,0.0,0.0,970.4049156343297,136885.32758797874,30114.772069355324,0.0,66.8378199040376,10.64586663162335,91.36057766583654,53.070597232416155,2146.591780821918
2026-06-15,45,Staten Island,outdoor_daytrip,0,0,1,0,HOLDOUT_OR_PRE,none,0.0,0.0,0.0,106.79739883450708,14876.744572296784,3272.8838059052923,0.0,59.01437065770161,7.226496139454255,86.28127213614644,55.1684915404011,97.1917808219178
2026-06-16,46,Bronx,family_discovery,0,0,1,1,HOLDOUT_OR_PRE,none,0.0,0.0,0.0,454.7257179592571,63560.39536415848,13983.286980114866,0.0,62.83985020112681,10.548175188358858,86.09121592829842,50.31078298646334,349.386301369863
2026-06-16,46,Brooklyn,local_creatives,1,1,0,1,EXP_NYC_SUMMER_2026,paid_social_search,3133.644311221571,121129.97733503439,3531.3755064231163,1098.3482587618114,151580.2797679854,30214.017237735214,0.31102562068634665,67.64739245663324,10.837144465536179,87.77369310483351,53.476566872672535,5434.8794520547945
2026-06-16,46,Manhattan,culture_seekers,0,0,1,1,HOLDOUT_OR_PRE,none,0.0,0.0,0.0,777.2190138095086,119470.58965637717,26283.529724402975,0.0,70.01116632047301,11.20157971620118,89.31000553750299,55.129035822196634,6451.038356164384
2026-06-16,46,Queens,value_explorers,1,1,0,1,EXP_NYC_SUMMER_2026,paid_social_search,3455.810466454779,141682.78083880298,3661.0186432332025,1113.8754178586928,159088.5244374207,31543.664909777777,0.3042528668673978,67.59542911685601,11.066113047006153,93.14037886645644,51.22929454625793,2146.591780821918
2026-06-16,46,Staten Island,outdoor_daytrip,0,0,1,1,HOLDOUT_OR_PRE,none,0.0,0.0,0.0,96.88605975049894,13515.506714699399,2973.4114772338676,0.0,61.49193320631191,9.9756577673801,86.4313588053292,49.08675550921962,97.1917808219178
2026-06-17,47,Bronx,family_discovery,0,0,1,1,HOLDOUT_OR_PRE,none,0.0,0.0,0.0,457.6436067468465,62815.50139230155,13819.410306306341,0.0,62.09033374683413,9.682760550926885,85.24586150699045,55.588901029837665,349.386301369863
2026-06-17,47,Brooklyn,local_creatives,1,1,0,1,EXP_NYC_SUMMER_2026,paid_social_search,3216.8700147567743,141475.2790003296,3475.791865651273,1088.4867037081299,152368.54305061835,30304.209456379263,0.3131622219572045,67.72939520765672,10.830175444502999,89.32954220702098,52.252012128645205,5434.8794520547945
2026-06-17,47,Manhattan,culture_seekers,0,0,1,1,HOLDOUT_OR_PRE,none,0.0,0.0,0.0,787.3974185253046,124795.88268296163,27455.09419025156,0.0,68.30240069816605,11.315106510827691,88.17617575620937,50.28030176186905,6451.038356164384
2026-06-17,47,Queens,value_explorers,1,1,0,1,EXP_NYC_SUMMER_2026,paid_social_search,3275.513249695255,142024.87007751485,4239.338090712911,1098.0924134177237,154128.01970761456,30632.65108597995,0.25902449625881624,66.40280125102154,10.231725189309554,91.94597035162606,52.70754956641356,2146.591780821918
2026-06-17,47,Staten Island,outdoor_daytrip,0,0,1,1,HOLDOUT_OR_PRE,none,0.0,0.0,0.0,117.70891153426537,17247.6032690768,3794.4727191968964,0.0,62.82459250129007,10.558373505272785,88.29668841736441,51.74945680815091,97.1917808219178
2026-06-18,48,Bronx,family_discovery,0,0,1,1,HOLDOUT_OR_PRE,none,0.0,0.0,0.0,439.1747397779828,59505.24307915238,13091.153477413523,0.0,62.29368316872696,10.465951974560863,85.66102992428708,49.042974951491246,349.386301369863
2026-06-18,48,Brooklyn,local_creatives,1,1,0,1,EXP_NYC_SUMMER_2026,paid_social_search,3295.0106525802807,138312.06663717798,3654.3376297938466,1075.9761433568915,144990.83920550023,28602.97397262977,0.2944380767076497,66.9965830882812,11.078704577194712,87.89129080913926,49.854369867569346,5434.8794520547945
2026-06-18,48,Manhattan,culture_seekers,0,0,1,1,HOLDOUT_OR_PRE,none,0.0,0.0,0.0,761.9565559998802,118041.46335459234,25969.121938010314,0.0,68.62560454242126,10.396272862009488,90.85290175900859,51.36045573664909,6451.038356164384
2026-06-18,48,Queens,value_explorers,1,1,0,1,EXP_NYC_SUMMER_2026,paid_social_search,3603.730220362445,165166.6756268093,4927.628105511025,1109.326062355938,156713.41883863433,30873.22192413711,0.22512373876495984,65.97975762952366,10.491288180808638,91.66766070852911,49.969084661409156,2146.591780821918
2026-06-18,48,Staten Island,outdoor_daytrip,0,0,1,1,HOLDOUT_OR_PRE,none,0.0,0.0,0.0,115.00046154277348,15858.959558020077,3488.971102764417,0.0,58.566027826902506,8.701483859071578,84.67884770792789,49.13282055442705,97.1917808219178
2026-06-19,49,Bronx,family_discovery,0,0,1,1,HOLDOUT_OR_PRE,none,0.0,0.0,0.0,452.11108276967957,65711.27985560364,14456.4815682328,0.0,63.002053535651854,10.850661729902603,87.3087458940185,49.14619981624127,349.386301369863
2026-06-19,49,Brooklyn,local_creatives,1,1,0,1,EXP_NYC_SUMMER_2026,paid_social_search,3341.663089170969,159792.0912489421,4193.58805169168,1080.0096951416635,143191.82408953508,28160.53821052675,0.25753833753556005,66.113991259423,10.285381796682072,87.10221018208141,51.16905566300753,5434.8794520547945
2026-06-19,49,Manhattan,culture_seekers,0,0,1,1,HOLDOUT_OR_PRE,none,0.0,0.0,0.0,751.7654184932495,117886.6915475366,25935.07214045805,0.0,68.27680528604321,10.323178219123758,90.52958084095253,50.292669948980596,6451.038356164384
2026-06-19,49,Queens,value_explorers,1,1,0,1,EXP_NYC_SUMMER_2026,paid_social_search,3372.0136631526843,148272.94167493153,3769.969143045212,1068.7288862369378,155759.2155501322,30895.013757876404,0.28348478347853706,66.60814573783965,11.096446260017037,90.7030085286775,50.74728297787443,2146.591780821918
2026-06-19,49,Staten Island,outdoor_daytrip,0,0,1,1,HOLDOUT_OR_PRE,none,0.0,0.0,0.0,119.13441168016172,16661.013642417503,3665.4230013318506,0.0,63.266879711450784,11.193708025581694,86.77537565921787,49.69775796139669,97.1917808219178
2026-06-20,50,Bronx,family_discovery,0,0,1,1,HOLDOUT_OR_PRE,none,0.0,0.0,0.0,491.5234309942474,71369.44576945518,15701.27806928014,0.0,70.93203638961162,16.259615156495663,89.46204349630071,51.19931020625113,349.386301369863
2026-06-20,50,Brooklyn,local_creatives,1,1,0,1,EXP_NYC_SUMMER_2026,paid_social_search,3503.6929276608457,138998.60346902342,3895.098400359781,1206.7305726000232,168938.02997425242,33662.67366667469,0.3098074678905571,75.16408502980445,15.74119282021371,94.14584108329302,50.117808143023026,5434.8794520547945
2026-06-20,50,Manhattan,culture_seekers,0,0,1,1,HOLDOUT_OR_PRE,none,0.0,0.0,0.0,837.3031503297195,132168.31056907232,29077.028325195908,0.0,75.11267843674096,15.253164151453884,93.03393120616411,49.423100045053964,6451.038356164384
2026-06-20,50,Queens,value_explorers,1,1,0,1,EXP_NYC_SUMMER_2026,paid_social_search,3509.5407357388076,131358.82533505547,3523.9617101336194,1234.3183857883525,178265.57539025415,35708.885850117105,0.35026441468955416,73.92502395025839,15.8580790356354,94.9603342688941,50.01244904533729,2146.591780821918
2026-06-20,50,Staten Island,outdoor_daytrip,0,0,1,1,HOLDOUT_OR_PRE,none,0.0,0.0,0.0,119.94462226931417,17357.06314836628,3818.5538926405816,0.0,72.42499394808414,17.17787134627291,94.41365232333285,48.68684813223863,97.1917808219178
2026-06-21,51,Bronx,family_discovery,0,0,1,1,HOLDOUT_OR_PRE,none,0.0,0.0,0.0,495.1571417867613,67973.13548500274,14954.089806700604,0.0,70.17126864480619,16.38448685546626,89.74878471634389,46.187316479160536,349.386301369863
2026-06-21,51,Brooklyn,local_creatives,1,1,0,1,EXP_NYC_SUMMER_2026,paid_social_search,3591.0408789405074,149349.29718457116,4158.483253475974,1149.9952147496713,171532.55129003298,34146.12040486675,0.2765419852991877,75.19471436041646,16.24376618608108,93.1683931554069,49.976744811041684,5434.8794520547945
2026-06-21,51,Manhattan,culture_seekers,0,0,1,1,HOLDOUT_OR_PRE,none,0.0,0.0,0.0,828.8681849817913,131536.9517249531,28938.129379489685,0.0,75.71398005907247,15.703192721865916,95.32169055028936,47.30152169840306,6451.038356164384
2026-06-21,51,Queens,value_explorers,1,1,0,1,EXP_NYC_SUMMER_2026,paid_social_search,3681.203468759775,141105.36173448147,3662.960457249056,1217.2578490156206,177561.3001940392,35382.28257392885,0.3323153124972038,74.37429796638297,16.43467510501479,95.74273990531539,47.95232573634913,2146.591780821918
2026-06-21,51,Staten Island,outdoor_daytrip,0,0,1,1,HOLDOUT_OR_PRE,none,0.0,0.0,0.0,123.53026221587584,16690.856230064892,3671.9883706142764,0.0,68.51623087095804,13.468660197259771,93.68875078585494,51.505063268926754,97.1917808219178
2026-06-22,52,Bronx,family_discovery,0,0,1,1,HOLDOUT_OR_PRE,none,0.0,0.0,0.0,423.38396872125367,60269.72165373061,13259.338763820733,0.0,63.43785989644298,11.152141725266585,87.45571355018271,49.73341427718743,349.386301369863
2026-06-22,52,Brooklyn,local_creatives,1,1,0,1,EXP_NYC_SUMMER_2026,paid_social_search,3409.249746258371,142907.6358036836,3960.4342541914248,993.1287421480241,139598.86588402605,27302.50074822736,0.2507625877381935,66.81941434998515,10.809535248301911,88.41790610737611,49.35606424289374,5434.8794520547945
2026-06-22,52,Manhattan,culture_seekers,0,0,1,1,HOLDOUT_OR_PRE,none,0.0,0.0,0.0,693.7560916051635,108212.56316376016,23806.763896027234,0.0,67.2937984082246,10.470063667807443,88.9536785730173,47.654248904809926,6451.038356164384
2026-06-22,52,Queens,value_explorers,1,1,0,1,EXP_NYC_SUMMER_2026,paid_social_search,3521.740280097508,151834.09467380357,4257.083889312577,1055.8947312383925,153555.27661671143,30260.420575579006,0.24803239933542762,66.3418740912166,10.599475111770024,92.77037375111004,47.26508369522472,2146.591780821918
2026-06-22,52,Staten Island,outdoor_daytrip,0,0,1,1,HOLDOUT_OR_PRE,none,0.0,0.0,0.0,116.50314285712417,15848.126832742666,3486.5879032033868,0.0,62.21559602784636,11.881036485637619,83.222516756771,48.26584460006045,97.1917808219178
2026-06-23,53,Bronx,family_discovery,0,0,1,1,HOLDOUT_OR_PRE,none,0.0,0.0,0.0,422.6414322102707,61254.748714148314,13476.044717112629,0.0,60.78401707222171,9.44265288499517,86.52511745648644,47.56538275012422,349.386301369863
2026-06-23,53,Brooklyn,local_creatives,1,1,0,1,EXP_NYC_SUMMER_2026,paid_social_search,3434.0629185214966,153132.43117147256,4033.530384888137,990.9199623358576,145689.9441244642,28617.72478886063,0.2456706328650451,66.17381068501467,10.364066734832685,88.43914395445087,48.55531916912565,5434.8794520547945
2026-06-23,53,Manhattan,culture_seekers,0,0,1,1,HOLDOUT_OR_PRE,none,0.0,0.0,0.0,711.9596354196841,112884.86661258289,24834.670654768237,0.0,67.96601862788421,10.657050911939098,89.75021363728523,49.4899182877494,6451.038356164384
2026-06-23,53,Queens,value_explorers,1,1,0,1,EXP_NYC_SUMMER_2026,paid_social_search,3525.3714655192002,149721.8140528236,4343.973108220969,1056.6339134707496,152162.18237700308,29950.308657421476,0.24324135696675236,65.18488545391081,9.878786815568251,92.54775323316906,47.85240535479547,2146.591780821918
2026-06-23,53,Staten Island,outdoor_daytrip,0,0,1,1,HOLDOUT_OR_PRE,none,0.0,0.0,0.0,106.96014783729282,14968.703517579932,3293.114773867585,0.0,60.574278091442125,9.46898229956096,87.10824269446348,48.95018459774259,97.1917808219178
2026-06-24,54,Bronx,family_discovery,0,0,1,1,HOLDOUT_OR_PRE,none,0.0,0.0,0.0,381.37789879802955,52992.337835757986,11658.314323866756,0.0,61.591574919967286,10.798815006733607,85.06424484118448,45.966583936283264,349.386301369863
2026-06-24,54,Brooklyn,local_creatives,1,1,0,1,EXP_NYC_SUMMER_2026,paid_social_search,3096.034719887606,126027.18235782441,3616.0336790334345,1014.0338286835793,142289.2745797595,28207.60568765949,0.28042709739214333,66.3071259891103,10.751205579056021,88.4486651697586,47.6551790945242,5434.8794520547945
2026-06-24,54,Manhattan,culture_seekers,0,0,1,1,HOLDOUT_OR_PRE,none,0.0,0.0,0.0,688.0312960024487,111249.74469043229,24474.943831895103,0.0,68.61712931585859,11.095843367349884,89.47344552225019,50.033251592799616,6451.038356164384
2026-06-24,54,Queens,value_explorers,1,1,0,1,EXP_NYC_SUMMER_2026,paid_social_search,3274.583554928135,142898.8935713955,3790.8079821755496,1022.0073240231284,140431.5745768232,27620.362851972965,0.26960144877520203,65.8945042044134,10.868122489395803,90.63746607828953,49.00169806849184,2146.591780821918
2026-06-24,54,Staten Island,outdoor_daytrip,0,0,1,1,HOLDOUT_OR_PRE,none,0.0,0.0,0.0,95.41939870732904,12882.909808514578,2834.240157873207,0.0,61.55860500564834,9.71536354415797,85.49246815404774,54.83902286859948,97.1917808219178
2026-06-25,55,Bronx,family_discovery,0,0,1,1,HOLDOUT_OR_PRE,none,0.0,0.0,0.0,447.1144200971398,59289.883706994304,13043.774415538746,0.0,63.11255368579324,11.538126845152943,86.65465093884563,46.000776380378944,349.386301369863
2026-06-25,55,Brooklyn,local_creatives,1,1,0,1,EXP_NYC_SUMMER_2026,paid_social_search,3201.6137419982692,125271.65634122837,3231.992071206828,942.119346395006,130918.27733961602,25600.407272717253,0.2914980376307724,66.76156876432132,10.778538131342335,89.22314231476646,47.289624632463926,5434.8794520547945
2026-06-25,55,Manhattan,culture_seekers,0,0,1,1,HOLDOUT_OR_PRE,none,0.0,0.0,0.0,695.1207436666413,112715.943951756,24797.50766938632,0.0,68.5717894385376,11.057426054874291,90.6524605275546,47.482208493110356,6451.038356164384
2026-06-25,55,Queens,value_explorers,1,1,0,1,EXP_NYC_SUMMER_2026,paid_social_search,3344.9652789808624,129681.69404548685,3519.039279930152,1049.9786983418453,149525.84283376194,29550.720144446765,0.29837083783920876,67.22714457936283,10.868884378765063,93.09332552395307,50.21513264075053,2146.591780821918
2026-06-25,55,Staten Island,outdoor_daytrip,0,0,1,1,HOLDOUT_OR_PRE,none,0.0,0.0,0.0,109.42919099822782,14816.646043242692,3259.6621295133923,0.0,59.418186562071796,9.50588491457493,85.86547547321335,42.30466737104854,97.1917808219178
2026-06-26,56,Bronx,family_discovery,0,0,1,1,HOLDOUT_OR_PRE,none,0.0,0.0,0.0,402.66909974081415,54257.188907841,11936.58155972502,0.0,62.15718166490308,10.88656115724764,85.60578965432379,47.03048919279921,349.386301369863
2026-06-26,56,Brooklyn,local_creatives,1,1,0,1,EXP_NYC_SUMMER_2026,paid_social_search,3371.660674937952,142501.39449640267,4191.053457916393,982.7966073193741,136977.38922632442,26763.36495485342,0.2344987047261328,66.69665374399602,11.05573728651323,89.23275123233724,47.2887109494011,5434.8794520547945
2026-06-26,56,Manhattan,culture_seekers,0,0,1,1,HOLDOUT_OR_PRE,none,0.0,0.0,0.0,678.6261834106722,101361.92584876974,22299.62368672934,0.0,67.65811019720735,11.000469490972387,88.89091201566411,47.509820880760444,6451.038356164384
2026-06-26,56,Queens,value_explorers,1,1,0,1,EXP_NYC_SUMMER_2026,paid_social_search,3258.517241056479,133609.73544750185,4381.324554406368,990.8850456994829,140950.9491391255,27750.691569551134,0.22616106919149231,65.22981413334796,9.931442265651867,92.79972903752066,47.456263083020254,2146.591780821918
2026-06-26,56,Staten Island,outdoor_daytrip,0,0,1,1,HOLDOUT_OR_PRE,none,0.0,0.0,0.0,102.51589522700372,13901.210473624058,3058.266304197293,0.0,62.37775216265136,9.975991138199694,88.94696278235047,51.20415009661173,97.1917808219178
2026-06-27,57,Bronx,family_discovery,0,0,1,1,HOLDOUT_OR_PRE,none,0.0,0.0,0.0,459.12076349451735,68374.31172565761,15042.348579644673,0.0,69.78548562444361,15.62377278298535,91.84683687504125,45.42106768068048,349.386301369863
2026-06-27,57,Brooklyn,local_creatives,1,1,0,1,EXP_NYC_SUMMER_2026,paid_social_search,3452.3966104698666,141043.22421367702,4117.5156065629235,1100.64185080718,162340.951374898,32262.61269200769,0.26730726874546945,74.40820244492721,15.79375590774322,92.42799102294055,49.44947888007207,5434.8794520547945
2026-06-27,57,Manhattan,culture_seekers,0,0,1,1,HOLDOUT_OR_PRE,none,0.0,0.0,0.0,749.8760008780797,118474.43636464521,26064.376000221946,0.0,75.36326255904544,16.216948110444623,92.01948429988111,48.31575069120333,6451.038356164384
2026-06-27,57,Queens,value_explorers,1,1,0,1,EXP_NYC_SUMMER_2026,paid_social_search,3667.031327574779,175616.26104859097,4267.248892814536,1135.9583166773086,167733.70917077526,33234.38468999578,0.26620390448518416,74.27136143456589,15.929469065571691,96.39515705477821,47.90678858260058,2146.591780821918
2026-06-27,57,Staten Island,outdoor_daytrip,0,0,1,1,HOLDOUT_OR_PRE,none,0.0,0.0,0.0,121.86486043184188,16487.954643581445,3627.350021587918,0.0,67.5075336339777,15.181270716246905,88.20780420060127,46.548330039527656,97.1917808219178
2026-06-28,58,Bronx,family_discovery,0,0,1,1,HOLDOUT_OR_PRE,none,0.0,0.0,0.0,472.54540486842086,65695.50062952469,14453.01013849543,0.0,69.70548743315528,15.009500999070493,92.09237452514074,48.406366618855536,349.386301369863
2026-06-28,58,Brooklyn,local_creatives,1,1,0,1,EXP_NYC_SUMMER_2026,paid_social_search,3565.5911833525947,148282.41213500244,3824.437331450638,1109.4124145454487,153853.1432357281,30282.10032850759,0.29008513368021127,73.55523527028406,15.672392499023186,92.56859210261769,46.09876711038892,5434.8794520547945
2026-06-28,58,Manhattan,culture_seekers,0,0,1,1,HOLDOUT_OR_PRE,none,0.0,0.0,0.0,762.2631495358756,124768.88379936457,27449.154435860208,0.0,75.15926535806886,15.569420072821428,93.20331818660439,48.29882003623681,6451.038356164384
2026-06-28,58,Queens,value_explorers,1,1,0,1,EXP_NYC_SUMMER_2026,paid_social_search,3696.9484160764487,162451.19799701715,4562.080393599844,1147.5646631306452,166834.83089941597,33006.714381795064,0.2515441562013171,73.16993047372803,15.311349139916183,96.63127677195541,47.13619785462076,2146.591780821918
2026-06-28,58,Staten Island,outdoor_daytrip,0,0,1,1,HOLDOUT_OR_PRE,none,0.0,0.0,0.0,123.99484786541848,17990.363513382814,3957.879972944219,0.0,68.91410590412713,16.81133492238875,90.83439439967773,40.088850208508894,97.1917808219178
2026-06-29,59,Bronx,family_discovery,0,0,1,1,HOLDOUT_OR_PRE,none,0.0,0.0,0.0,403.0859937078429,52658.282481744,11584.82214598368,0.0,61.34073533410202,10.485801621453817,84.28086612853676,47.35436897701404,349.386301369863
2026-06-29,59,Brooklyn,local_creatives,1,1,0,1,EXP_NYC_SUMMER_2026,paid_social_search,3435.2324671374054,137106.33522865688,3642.214470947214,961.7110624857669,130702.74496432247,25319.371425013538,0.264045698065567,66.31463627099268,10.766113746160196,88.45625329105397,47.284294649776164,5434.8794520547945
2026-06-29,59,Manhattan,culture_seekers,0,0,1,1,HOLDOUT_OR_PRE,none,0.0,0.0,0.0,671.3265297045434,103655.0004444226,22804.100097772975,0.0,67.30293605497049,10.729802381695265,88.84696727946309,48.24750082936346,6451.038356164384
2026-06-29,59,Queens,value_explorers,1,1,0,1,EXP_NYC_SUMMER_2026,paid_social_search,3429.1534727913213,129196.20871788534,3516.1407950406137,1023.4367340081384,147795.65262705024,29085.89010515973,0.2910681891497798,66.18889937319385,10.288431058585482,93.81672971644423,47.76804199717984,2146.591780821918
2026-06-29,59,Staten Island,outdoor_daytrip,0,0,1,1,HOLDOUT_OR_PRE,none,0.0,0.0,0.0,108.27521803333924,14752.933329167772,3245.6453324169097,0.0,60.48086027729312,9.288487975137098,83.90868181948231,54.75594668880893,97.1917808219178
2026-06-30,60,Bronx,family_discovery,0,0,1,1,HOLDOUT_OR_PRE,none,0.0,0.0,0.0,341.89637278646165,50087.924341742844,11019.343355183426,0.0,60.52303753177883,10.121036796161109,85.84585316353467,44.055857648724924,349.386301369863
2026-06-30,60,Brooklyn,local_creatives,1,1,0,1,EXP_NYC_SUMMER_2026,paid_social_search,3359.0246869914677,131780.13151295585,3509.6900280273817,930.6545804100754,138130.43193901866,27029.670339592638,0.2651671723081337,66.80354939780615,10.903890424076005,89.48968022511993,48.17585875456886,5434.8794520547945
2026-06-30,60,Manhattan,culture_seekers,0,0,1,1,HOLDOUT_OR_PRE,none,0.0,0.0,0.0,676.7713461607051,107268.5821516485,23599.08807336267,0.0,68.07942143136815,10.730332398541105,89.78548099671524,49.05862675612984,6451.038356164384
2026-06-30,60,Queens,value_explorers,1,1,0,1,EXP_NYC_SUMMER_2026,paid_social_search,3687.0971746311284,152732.65719113985,3998.91539596617,968.1996784739895,125167.8564594804,23849.83124645456,0.24211556949933039,66.23842722901342,10.656652989209253,93.1062721924165,48.20993107775532,2146.591780821918
2026-06-30,60,Staten Island,outdoor_daytrip,0,0,1,1,HOLDOUT_OR_PRE,none,0.0,0.0,0.0,97.62960957424288,13299.605797311893,2925.9132754086163,0.0,57.85347891450861,8.113661363466184,86.2506295191577,45.932020798676106,97.1917808219178
2026-07-01,61,Bronx,family_discovery,0,0,1,1,HOLDOUT_OR_PRE,none,0.0,0.0,0.0,396.2370303363856,58600.03651227439,12892.008032700365,0.0,61.9908584031873,10.792826739277157,87.16315920793106,45.66232045554253,349.386301369863
2026-07-01,61,Brooklyn,local_creatives,1,1,0,1,EXP_NYC_SUMMER_2026,paid_social_search,3481.4967165732974,131582.68172060847,3573.121005694088,937.0209974852739,130295.18414119656,25183.443794489947,0.2622416078246572,65.70996257857442,10.57945601354886,88.23990564233634,45.659302810426055,5434.8794520547945
2026-07-01,61,Manhattan,culture_seekers,0,0,1,1,HOLDOUT_OR_PRE,none,0.0,0.0,0.0,657.7058534503298,106282.42440809144,23382.133369780116,0.0,66.92356809310351,10.65183529969705,89.06021970852122,46.78441728284806,6451.038356164384
2026-07-01,61,Queens,value_explorers,1,1,0,1,EXP_NYC_SUMMER_2026,paid_social_search,3528.9699347404066,150793.43413112036,4011.4188333860166,949.0838180737834,136081.41742362347,26408.941898456756,0.23659554324639467,67.6675750666347,10.912337944513482,94.1784102722128,49.973522307708144,2146.591780821918
2026-07-01,61,Staten Island,outdoor_daytrip,0,0,1,1,HOLDOUT_OR_PRE,none,0.0,0.0,0.0,107.16434576860662,14973.946125722587,3294.268147658969,0.0,60.754015766261226,10.220404930018173,83.99560987134338,51.05231927641777,97.1917808219178
2026-07-02,62,Bronx,family_discovery,0,0,1,1,HOLDOUT_OR_PRE,none,0.0,0.0,0.0,378.42759220938376,54172.254592941725,11917.896010447179,0.0,62.65219402299617,11.159847410830574,85.38143766427538,49.34940402188131,349.386301369863
2026-07-02,62,Brooklyn,local_creatives,1,1,0,1,EXP_NYC_SUMMER_2026,paid_social_search,3587.9803293085743,164635.2842922127,4493.616619856585,969.4813218038656,132376.18693827148,25534.78079711115,0.21574633615157113,66.6141282565848,11.04891486702233,88.68754715504649,47.22822137849543,5434.8794520547945
2026-07-02,62,Manhattan,culture_seekers,0,0,1,1,HOLDOUT_OR_PRE,none,0.0,0.0,0.0,684.2560482139304,104382.4058463174,22964.12928618983,0.0,68.14594025186395,10.873346360273652,89.41687213434052,49.87694907148367,6451.038356164384
2026-07-02,62,Queens,value_explorers,1,1,0,1,EXP_NYC_SUMMER_2026,paid_social_search,3373.5813260099226,155598.99220815967,3956.8629443569976,987.2543299308345,145219.3289514648,28574.67104331233,0.24950430273021912,67.15998889342865,11.59459100006528,92.57649232013279,46.342167141622525,2146.591780821918
2026-07-02,62,Staten Island,outdoor_daytrip,0,0,1,1,HOLDOUT_OR_PRE,none,0.0,0.0,0.0,100.74231378777743,14007.707483495351,3081.695646368977,0.0,62.76010579970013,11.389691847515447,87.40720692047273,46.90837935934728,97.1917808219178
2026-07-03,63,Bronx,family_discovery,0,0,1,1,HOLDOUT_OR_PRE,none,0.0,0.0,0.0,370.09521396782117,51071.71797542736,11235.77795459402,0.0,62.01640485567829,10.474138479124653,84.3365427188215,50.49389266697862,349.386301369863
2026-07-03,63,Brooklyn,local_creatives,1,1,0,1,EXP_NYC_SUMMER_2026,paid_social_search,3249.881445968866,144670.9011993558,3722.3021109982624,910.1170732624305,131308.4187153496,25637.970671408046,0.24450381675719265,66.38043262108623,10.784974519919498,87.96582795144118,48.67506943969753,5434.8794520547945
2026-07-03,63,Manhattan,culture_seekers,0,0,1,1,HOLDOUT_OR_PRE,none,0.0,0.0,0.0,672.1937524485757,107901.26039811599,23738.27728758552,0.0,68.22844765739079,10.74271691092628,89.32513916282649,49.52881763804366,6451.038356164384
2026-07-03,63,Queens,value_explorers,1,1,0,1,EXP_NYC_SUMMER_2026,paid_social_search,3309.3957863991814,139601.4384713287,3719.60424221009,948.4628133733244,134066.08316537167,26185.142509982586,0.25499024939539616,64.71225764911127,9.615881022775293,91.75717929881817,48.252557141356526,2146.591780821918
2026-07-03,63,Staten Island,outdoor_daytrip,0,0,1,1,HOLDOUT_OR_PRE,none,0.0,0.0,0.0,87.8697230636059,13202.892283294377,2904.636302324763,0.0,59.57064292847946,9.038236901849094,88.45696032636292,47.00354762855843,97.1917808219178
2026-07-04,64,Bronx,family_discovery,0,0,1,1,HOLDOUT_OR_PRE,none,0.0,0.0,0.0,507.3333300392364,69151.97592340053,15213.434703148117,0.0,82.47813211993568,24.462110235537935,96.0937705537413,47.35356909082408,349.386301369863
2026-07-04,64,Brooklyn,local_creatives,1,1,0,1,EXP_NYC_SUMMER_2026,paid_social_search,3713.1963784106233,163198.5774467627,4246.28431168119,1258.5093920506936,184499.98710849183,36876.80078545758,0.2963789750461679,87.19003664937614,24.417061922397835,98.28987428452075,49.160541593638946,5434.8794520547945
2026-07-04,64,Manhattan,culture_seekers,0,0,1,1,HOLDOUT_OR_PRE,none,0.0,0.0,0.0,864.2940427767097,146264.6149423097,32178.215287308136,0.0,87.53698573162717,24.041591665845345,98.4260848190167,48.95975764405468,6451.038356164384
2026-07-04,64,Queens,value_explorers,1,1,0,1,EXP_NYC_SUMMER_2026,paid_social_search,3751.1170858893233,160099.0552286842,4650.716542892175,1305.6396339626276,185486.51261052134,37055.915688425375,0.2807394563657238,85.65536972753353,24.215805723982726,99.16960547361472,48.439614337629365,2146.591780821918
2026-07-04,64,Staten Island,outdoor_daytrip,0,0,1,1,HOLDOUT_OR_PRE,none,0.0,0.0,0.0,123.59235134954201,18175.635643350368,3998.639841537081,0.0,82.72149476359475,24.735709341669384,94.69135813674349,51.49780427722808,97.1917808219178
2026-07-05,65,Bronx,family_discovery,0,0,1,1,HOLDOUT_OR_PRE,none,0.0,0.0,0.0,431.5532213205711,61805.43083515356,13597.194783733783,0.0,69.7596437225828,15.670967615974536,89.86644826993128,48.135478587633216,349.386301369863
2026-07-05,65,Brooklyn,local_creatives,1,1,0,1,EXP_NYC_SUMMER_2026,paid_social_search,3574.1913940668087,122229.996007472,3116.9834656082267,1114.863425802255,157187.16555388548,31006.985027787996,0.35767383372523226,73.69157767890677,15.481235081359468,93.45223169020616,45.91682874098075,5434.8794520547945
2026-07-05,65,Manhattan,culture_seekers,0,0,1,1,HOLDOUT_OR_PRE,none,0.0,0.0,0.0,743.1078105056164,118013.00176429973,25962.86038814594,0.0,76.79164380493131,16.581954279211143,93.08027359439583,49.49068608782114,6451.038356164384
2026-07-05,65,Queens,value_explorers,1,1,0,1,EXP_NYC_SUMMER_2026,paid_social_search,3532.150325736244,142295.59564685938,3758.7418993099395,1077.6282355588464,155921.3892581555,30770.555311057968,0.2866991840425878,74.21663724914018,15.870516560424429,96.25042907481438,49.61830919625935,2146.591780821918
2026-07-05,65,Staten Island,outdoor_daytrip,0,0,1,1,HOLDOUT_OR_PRE,none,0.0,0.0,0.0,112.62193304604733,16541.87247988211,3639.211945574064,0.0,70.26257399456793,15.088336508070446,93.03931123039716,49.31228745050548,97.1917808219178
2026-07-06,66,Bronx,family_discovery,0,0,1,1,HOLDOUT_OR_PRE,none,0.0,0.0,0.0,376.8128051089185,52354.00787071523,11517.88173155735,0.0,62.81583939058318,10.561231827648527,87.33996978198083,49.75378898847369,349.386301369863
2026-07-06,66,Brooklyn,local_creatives,1,1,0,1,EXP_NYC_SUMMER_2026,paid_social_search,3508.1459506851243,134693.53184098663,3914.413616330271,968.0740751362471,134023.91477533587,25977.115299888766,0.2473101133456122,66.19461569710556,10.394024975516027,89.07532349461096,48.96841363381409,5434.8794520547945
2026-07-06,66,Manhattan,culture_seekers,0,0,1,1,HOLDOUT_OR_PRE,none,0.0,0.0,0.0,682.1128822252289,107829.07710042328,23722.39696209312,0.0,67.21314822824688,10.236711686011466,89.67293540805314,48.53774695407572,6451.038356164384
2026-07-06,66,Queens,value_explorers,1,1,0,1,EXP_NYC_SUMMER_2026,paid_social_search,3415.3941510752866,159370.7709055954,4938.885776859169,997.9469604851795,143231.68594294824,28095.576756373324,0.20205912944190685,67.36592837190291,10.796062086650744,92.66504578482886,51.58086783045863,2146.591780821918
2026-07-06,66,Staten Island,outdoor_daytrip,0,0,1,1,HOLDOUT_OR_PRE,none,0.0,0.0,0.0,88.75237008605268,12373.352439365317,2722.1375366603697,0.0,59.68649269414656,8.652878093637318,86.29257334150702,52.09333513172983,97.1917808219178
2026-07-07,67,Bronx,family_discovery,0,0,1,1,HOLDOUT_OR_PRE,none,0.0,0.0,0.0,402.5702831954248,57277.516351477265,12601.053597324999,0.0,63.53598158365308,11.052120801897091,86.97837472274183,51.240985723711425,349.386301369863
2026-07-07,67,Brooklyn,local_creatives,1,1,0,1,EXP_NYC_SUMMER_2026,paid_social_search,3381.0502432589014,133853.7016279084,3820.35842324443,959.3886070203826,136059.77689342483,26552.10067329456,0.25112528740317097,67.34143123705543,10.827477771349447,89.01426035440483,50.85737665049414,5434.8794520547945
2026-07-07,67,Manhattan,culture_seekers,0,0,1,1,HOLDOUT_OR_PRE,none,0.0,0.0,0.0,686.464863739821,111301.0667125702,24486.234676765445,0.0,67.32048422601096,10.11326527288625,88.81952523168887,52.14882443581813,6451.038356164384
2026-07-07,67,Queens,value_explorers,1,1,0,1,EXP_NYC_SUMMER_2026,paid_social_search,3612.888782682246,140903.29622793387,3882.726054279254,950.5982941481187,137477.41799989122,26632.14317729382,0.24482754664095846,67.57725348628308,11.271272140409428,92.5309715544028,51.56609506437685,2146.591780821918
2026-07-07,67,Staten Island,outdoor_daytrip,0,0,1,1,HOLDOUT_OR_PRE,none,0.0,0.0,0.0,92.31677400057431,13164.112745286904,2896.104803963119,0.0,62.105282562665835,10.675247367209174,86.17170567037991,50.329163663186534,97.1917808219178
2026-07-08,68,Bronx,family_discovery,0,0,1,1,HOLDOUT_OR_PRE,none,0.0,0.0,0.0,378.8550465658042,52685.697901904416,11590.85353841897,0.0,63.329458334470345,11.025185729222564,86.66953853770886,50.68022259540133,349.386301369863
2026-07-08,68,Brooklyn,local_creatives,1,1,0,1,EXP_NYC_SUMMER_2026,paid_social_search,3201.6065336816296,149743.35978519754,4065.748903654262,955.7742345478716,138731.92404549272,27319.41675632677,0.2350795037265655,67.63939773930545,10.965160131689474,89.12310670284661,50.32075672967,5434.8794520547945
2026-07-08,68,Manhattan,culture_seekers,0,0,1,1,HOLDOUT_OR_PRE,none,0.0,0.0,0.0,657.5264932891921,105704.18820422477,23254.92140492945,0.0,68.5826642923791,10.794188285757098,88.261198701616,52.5343943784356,6451.038356164384
2026-07-08,68,Queens,value_explorers,1,1,0,1,EXP_NYC_SUMMER_2026,paid_social_search,3352.2184134428007,124975.23314806962,3344.6464482318156,923.0159530417544,129927.94100959698,25231.92860866853,0.27596816803453683,66.2106429853606,10.237797837718324,92.66049788677132,49.967015143802875,2146.591780821918
2026-07-08,68,Staten Island,outdoor_daytrip,0,0,1,1,HOLDOUT_OR_PRE,none,0.0,0.0,0.0,98.56635607892937,13654.7205023529,3004.0385105176383,0.0,64.68031032496752,10.762858996847301,91.32914556238677,53.23476227336299,97.1917808219178
2026-07-09,69,Bronx,family_discovery,0,0,1,1,HOLDOUT_OR_PRE,none,0.0,0.0,0.0,371.716845688042,51142.336249808315,11251.31397495783,0.0,63.71295578701105,10.86722966992173,87.18789877533949,50.560119781690005,349.386301369863
2026-07-09,69,Brooklyn,local_creatives,1,1,0,1,EXP_NYC_SUMMER_2026,paid_social_search,3359.789254419639,128130.73035623532,3349.9121620370406,949.0815545174634,131700.05111234647,25614.221990296584,0.28331535533168684,68.08368608411895,10.904761169191536,88.76548804779353,55.11665345350364,5434.8794520547945
2026-07-09,69,Manhattan,culture_seekers,0,0,1,1,HOLDOUT_OR_PRE,none,0.0,0.0,0.0,678.9700005293967,111258.35197375139,24476.837434225305,0.0,68.34338770537389,10.503881680642518,88.91881425295618,52.69687698144085,6451.038356164384
2026-07-09,69,Queens,value_explorers,1,1,0,1,EXP_NYC_SUMMER_2026,paid_social_search,3322.7892665012682,133843.97840157995,3500.6894475224135,1022.8263950265423,144967.59686063288,28570.082042837963,0.292178558069594,68.04409288771012,10.977963264025368,92.45744458006433,54.76794303005158,2146.591780821918
2026-07-09,69,Staten Island,outdoor_daytrip,0,0,1,1,HOLDOUT_OR_PRE,none,0.0,0.0,0.0,83.89374923806412,12005.612712990138,2641.23479685783,0.0,60.572021559027874,9.48544294182814,84.80550407456045,52.45977615059462,97.1917808219178
2026-07-10,70,Bronx,family_discovery,0,0,1,1,HOLDOUT_OR_PRE,none,0.0,0.0,0.0,366.5082639547955,50888.55456758737,11195.482004869222,0.0,62.38187085880454,10.725288331458373,84.45566138064183,53.52121474232767,349.386301369863
2026-07-10,70,Brooklyn,local_creatives,1,1,0,1,EXP_NYC_SUMMER_2026,paid_social_search,3137.578249337569,120756.51468438894,2893.724160963739,938.7613705951247,131153.08571440025,25716.100607830485,0.324412873645315,66.30344449183355,9.276383168533567,89.42853469930111,54.78537091637825,5434.8794520547945
2026-07-10,70,Manhattan,culture_seekers,0,0,1,1,HOLDOUT_OR_PRE,none,0.0,0.0,0.0,677.2672802344815,104533.48254163531,22997.36615915977,0.0,68.12820759524703,10.717065351751193,89.40577477117193,51.12096458153189,6451.038356164384
2026-07-10,70,Queens,value_explorers,1,1,0,1,EXP_NYC_SUMMER_2026,paid_social_search,3244.2875804626974,110485.2405981146,3105.9587447119993,996.9652106849686,147637.1549866597,29235.886516602437,0.32098469188695306,66.14847070084093,9.846088853975195,92.48806970042418,52.52505111372592,2146.591780821918
2026-07-10,70,Staten Island,outdoor_daytrip,0,0,1,1,HOLDOUT_OR_PRE,none,0.0,0.0,0.0,96.89446591623583,12875.382275134809,2832.584100529658,0.0,63.19205508048581,10.676991617760565,89.08678321111049,50.204602067319826,97.1917808219178
2026-07-11,71,Bronx,family_discovery,0,0,1,1,HOLDOUT_OR_PRE,none,0.0,0.0,0.0,430.17903349231517,61052.175658812455,13431.478644938741,0.0,71.1723026414617,15.174966191343264,90.97710665906837,56.31850787488746,349.386301369863
2026-07-11,71,Brooklyn,local_creatives,1,1,0,1,EXP_NYC_SUMMER_2026,paid_social_search,3429.124552784748,142995.706661258,3766.0277819747525,1039.210376005333,146119.41870842854,28717.147563069528,0.27594336424688115,75.65479028872612,15.493185903690506,93.55067100324116,55.26241528755504,5434.8794520547945
2026-07-11,71,Manhattan,culture_seekers,0,0,1,1,HOLDOUT_OR_PRE,none,0.0,0.0,0.0,714.736224105832,117159.98590802657,25775.196899765848,0.0,76.92161986194847,15.454597337746469,93.64825809115935,56.313348352484056,6451.038356164384
2026-07-11,71,Queens,value_explorers,1,1,0,1,EXP_NYC_SUMMER_2026,paid_social_search,3648.5449276116165,159239.27137309455,4625.626504113267,1060.5814500308782,155011.184147735,30453.91558489009,0.22928384924458825,76.33613492261843,16.517899811815116,97.40089009694276,53.4666424488973,2146.591780821918
2026-07-11,71,Staten Island,outdoor_daytrip,0,0,1,1,HOLDOUT_OR_PRE,none,0.0,0.0,0.0,106.7798916300936,16275.749448234352,3580.6648786115575,0.0,70.3471946373849,15.406634690103058,93.6361342471346,50.05315501700359,97.1917808219178
2026-07-12,72,Bronx,family_discovery,0,0,1,1,HOLDOUT_OR_PRE,none,0.0,0.0,0.0,428.1689253675209,56802.58685294795,12496.56910764855,0.0,71.06503884037319,15.372844321370783,90.19937950751549,56.77774521319286,349.386301369863
2026-07-12,72,Brooklyn,local_creatives,1,1,0,1,EXP_NYC_SUMMER_2026,paid_social_search,3623.1549669249835,141418.88871520848,3838.9575029969933,1110.6904037265717,157300.07055515115,30982.86055520827,0.2893208384983369,75.4285761627845,15.780446590242391,92.54069050756551,54.37304824124127,5434.8794520547945
2026-07-12,72,Manhattan,culture_seekers,0,0,1,1,HOLDOUT_OR_PRE,none,0.0,0.0,0.0,744.2647643890281,127788.93096515618,28113.56481233436,0.0,77.15554216730192,16.018923952507627,93.28614373886651,54.24289978845256,6451.038356164384
2026-07-12,72,Queens,value_explorers,1,1,0,1,EXP_NYC_SUMMER_2026,paid_social_search,3815.388278515628,185190.56352043815,5678.859681012155,1153.232733437122,168324.52589751818,33216.00741893837,0.20307470129840907,75.44118153341478,15.757335632568145,95.98743041316348,57.2751963727588,2146.591780821918
2026-07-12,72,Staten Island,outdoor_daytrip,0,0,1,1,HOLDOUT_OR_PRE,none,0.0,0.0,0.0,102.84073620433186,14482.854723224707,3186.2280391094355,0.0,70.36975469556037,14.258476524680427,91.8802064814395,60.15122895232569,97.1917808219178
2026-07-13,73,Bronx,family_discovery,0,0,1,1,HOLDOUT_OR_PRE,none,0.0,0.0,0.0,387.9731549734192,52263.43898476388,11497.956576648054,0.0,63.16726704398195,10.638603246792504,83.86619795084728,57.7830125790983,349.386301369863
2026-07-13,73,Brooklyn,local_creatives,1,1,0,1,EXP_NYC_SUMMER_2026,paid_social_search,3244.4096606440544,144236.25086946672,3919.072303415726,931.655799965188,130833.54311662848,25538.969825014214,0.23772355492221703,68.16663637682889,10.963450130480894,87.76222735116713,56.99386625685638,5434.8794520547945
2026-07-13,73,Manhattan,culture_seekers,0,0,1,1,HOLDOUT_OR_PRE,none,0.0,0.0,0.0,654.5903821013065,103700.52642493296,22814.115813485252,0.0,68.99911367510695,10.764047535633999,88.80461603238457,55.057861837112625,6451.038356164384
2026-07-13,73,Queens,value_explorers,1,1,0,1,EXP_NYC_SUMMER_2026,paid_social_search,3375.2602042182375,129870.95241499176,3395.028838698288,966.3624837060978,131347.4522975926,25521.179301252134,0.2846404344761377,68.03105028173945,10.933156118490436,92.9656258962892,55.61961953449368,2146.591780821918
2026-07-13,73,Staten Island,outdoor_daytrip,0,0,1,1,HOLDOUT_OR_PRE,none,0.0,0.0,0.0,94.21495148944248,12891.50059121319,2836.1301300669015,0.0,66.61803764670745,12.24497248562453,90.09035939448457,53.393704121881704,97.1917808219178
2026-07-14,74,Bronx,family_discovery,0,0,1,1,HOLDOUT_OR_PRE,none,0.0,0.0,0.0,357.54696344857894,47880.433293428534,10533.695324554277,0.0,62.608101172473354,9.981081307218329,83.9164077053207,57.86285865001516,349.386301369863
2026-07-14,74,Brooklyn,local_creatives,1,1,0,1,EXP_NYC_SUMMER_2026,paid_social_search,3410.0155335255236,146894.34617452626,3958.0281932994544,979.4927584676898,140831.07369773954,27572.820679977176,0.2474698790993639,68.70015495407651,10.816585708043506,89.23856259157128,57.61045516488139,5434.8794520547945
2026-07-14,74,Manhattan,culture_seekers,0,0,1,1,HOLDOUT_OR_PRE,none,0.0,0.0,0.0,637.7989535377664,100611.0215755753,22134.424746626566,0.0,69.5117503701676,11.083066607657091,88.08556160737312,56.940241843337176,6451.038356164384
2026-07-14,74,Queens,value_explorers,1,1,0,1,EXP_NYC_SUMMER_2026,paid_social_search,3238.4952612989327,119495.90909273595,3125.6013610306895,1008.6724548024443,144000.97142046673,28441.718451203746,0.32271308407346844,67.2949567468578,10.541886217609932,91.80475954181456,56.09783588378238,2146.591780821918
2026-07-14,74,Staten Island,outdoor_daytrip,0,0,1,1,HOLDOUT_OR_PRE,none,0.0,0.0,0.0,111.16082677771834,15100.694266805905,3322.1527386972994,0.0,62.53243808469439,10.137165209239745,86.59520161876361,57.13446258431137,97.1917808219178
2026-07-15,75,Bronx,family_discovery,0,0,1,1,HOLDOUT_OR_PRE,none,0.0,0.0,0.0,385.71378958066396,53464.54332894154,11762.199532367138,0.0,64.24859239310486,10.236195040533513,87.15918570876165,59.05928977995329,349.386301369863
2026-07-15,75,Brooklyn,local_creatives,1,1,0,1,EXP_NYC_SUMMER_2026,paid_social_search,3261.9481968835485,133573.24837667966,4012.353323008218,925.3443529317103,130340.20247656805,25412.89634796142,0.23062384551865525,68.85775440402915,10.01475246729679,91.0920367914842,60.39977103109295,5434.8794520547945
2026-07-15,75,Manhattan,culture_seekers,0,0,1,1,HOLDOUT_OR_PRE,none,0.0,0.0,0.0,674.3652610552722,113443.85260646627,24957.64757342258,0.0,69.51650241352561,10.23868977847833,90.10948098902456,58.934965357041236,6451.038356164384
2026-07-15,75,Queens,value_explorers,1,1,0,1,EXP_NYC_SUMMER_2026,paid_social_search,3417.425219609537,153036.36242235292,4253.082521220533,980.0933992391091,139268.35938917138,27221.613846008167,0.2304430714308938,67.56126453588412,10.463101145513756,91.96864244339766,58.39748260603631,2146.591780821918
2026-07-15,75,Staten Island,outdoor_daytrip,0,0,1,1,HOLDOUT_OR_PRE,none,0.0,0.0,0.0,104.28277242307516,14640.776081150108,3220.970737853024,0.0,62.737681391397075,10.35301701637891,87.56313727200859,53.567264687744114,97.1917808219178
2026-07-16,76,Bronx,family_discovery,0,0,1,1,HOLDOUT_OR_PRE,none,0.0,0.0,0.0,381.817986986569,50624.012342688766,11137.282715391528,0.0,63.560532879486445,9.65795564053621,88.27702391705941,58.558594036369335,349.386301369863
2026-07-16,76,Brooklyn,local_creatives,1,1,0,1,EXP_NYC_SUMMER_2026,paid_social_search,3191.462312568131,136968.86694845796,3600.9197270255877,942.6589776321287,131744.1622785395,25792.25338871056,0.261782835800891,69.1038597055956,10.610837789249226,88.17842748012409,61.12945728870263,5434.8794520547945
2026-07-16,76,Manhattan,culture_seekers,0,0,1,1,HOLDOUT_OR_PRE,none,0.0,0.0,0.0,667.6484517776094,108582.25948490154,23888.09708667834,0.0,70.20417715090407,11.11151292779655,89.62416939790828,57.57464996729317,6451.038356164384
2026-07-16,76,Queens,value_explorers,1,1,0,1,EXP_NYC_SUMMER_2026,paid_social_search,3053.863252910684,121531.77958053794,3732.729029562526,988.226571471219,138443.68115218324,27403.74660056963,0.26474639965683194,68.7458682788195,11.354901585905989,91.09814144648247,60.101013380670025,2146.591780821918
2026-07-16,76,Staten Island,outdoor_daytrip,0,0,1,1,HOLDOUT_OR_PRE,none,0.0,0.0,0.0,99.92015522219535,14222.666415355086,3128.986611378119,0.0,64.82428827178892,10.730857611624813,87.10885489051472,61.77845616809958,97.1917808219178
2026-07-17,77,Bronx,family_discovery,0,0,1,1,HOLDOUT_OR_PRE,none,0.0,0.0,0.0,387.2873126300491,55913.17970015715,12300.899534034572,0.0,64.3683795929206,10.578915425919302,85.47005720724596,60.59996739561784,349.386301369863
2026-07-17,77,Brooklyn,local_creatives,1,1,0,1,EXP_NYC_SUMMER_2026,paid_social_search,3569.16525314347,149361.09185212987,3660.1560257364804,980.072655957799,129239.97512993771,24863.629275442825,0.267767999250959,68.99942642946674,10.97040123057666,88.55942629917445,58.23766844102103,5434.8794520547945
2026-07-17,77,Manhattan,culture_seekers,0,0,1,1,HOLDOUT_OR_PRE,none,0.0,0.0,0.0,663.7311790065795,104981.67416069737,23095.96831535342,0.0,72.63050845720039,11.49269377339555,91.01810972306141,64.14810650224868,6451.038356164384
2026-07-17,77,Queens,value_explorers,1,1,0,1,EXP_NYC_SUMMER_2026,paid_social_search,3381.462496667038,150032.00115513633,4481.51047967765,1030.333764460027,147152.07751991515,28991.994557714297,0.229907699453631,67.3706322330271,9.641554104393713,93.19266810708385,59.47750432330258,2146.591780821918
2026-07-17,77,Staten Island,outdoor_daytrip,0,0,1,1,HOLDOUT_OR_PRE,none,0.0,0.0,0.0,102.67369863909038,14476.652887374963,3184.8636352224917,0.0,70.14923557594697,14.88449335542773,89.71348185005496,57.87851262048197,97.1917808219178
2026-07-18,78,Bronx,family_discovery,0,0,1,1,HOLDOUT_OR_PRE,none,0.0,0.0,0.0,435.4242307142921,64402.99327521702,14168.658520547744,0.0,72.92322297614348,15.427150923029924,91.08664545786672,62.60104582227533,349.386301369863
2026-07-18,78,Brooklyn,local_creatives,1,1,0,1,EXP_NYC_SUMMER_2026,paid_social_search,3583.0876264622457,166008.28913195877,4445.923361608149,1123.3015226269101,156805.15819591735,30914.047176639575,0.25265876877837073,77.55409276338813,15.80685327879788,93.88326019648571,63.85368893292046,5434.8794520547945
2026-07-18,78,Manhattan,culture_seekers,0,0,1,1,HOLDOUT_OR_PRE,none,0.0,0.0,0.0,764.3876933564543,123657.94161979805,27204.74715635557,0.0,77.71955008045455,15.416029878755602,93.3594026074905,61.640660027963925,6451.038356164384
2026-07-18,78,Queens,value_explorers,1,1,0,1,EXP_NYC_SUMMER_2026,paid_social_search,3570.781423758106,146979.41290681474,4080.2691354033104,1192.1411234644625,166008.86790777388,32951.16951595215,0.29217217882041163,76.85487013149138,16.2801371032914,94.59216036098627,62.361068147532805,2146.591780821918
2026-07-18,78,Staten Island,outdoor_daytrip,0,0,1,1,HOLDOUT_OR_PRE,none,0.0,0.0,0.0,117.95816757983684,17066.322393161347,3754.590926495496,0.0,73.40117431356542,15.156786965676648,95.69527639048016,58.65777345227774,97.1917808219178
2026-07-19,79,Bronx,family_discovery,0,0,1,1,HOLDOUT_OR_PRE,none,0.0,0.0,0.0,437.9481433281814,60822.240859705096,13380.892989135122,0.0,72.78845315678409,14.90980791784089,92.92251891558018,63.554939750595814,349.386301369863
2026-07-19,79,Brooklyn,local_creatives,1,1,0,1,EXP_NYC_SUMMER_2026,paid_social_search,3758.858468603936,142063.3948260621,3661.567267136151,1129.8300784490964,163735.51563922674,32262.95497202595,0.30856461073096136,78.06147639186062,15.798541679184318,93.6368562192576,65.3350917037423,5434.8794520547945
2026-07-19,79,Manhattan,culture_seekers,0,0,1,1,HOLDOUT_OR_PRE,none,0.0,0.0,0.0,801.7565177222259,130181.99873862597,28640.039722497713,0.0,79.00460008287368,15.926852840874593,93.29334681244407,64.28817822239789,6451.038356164384
2026-07-19,79,Queens,value_explorers,1,1,0,1,EXP_NYC_SUMMER_2026,paid_social_search,3632.776921753706,145209.20451458538,3913.538931073473,1177.081048671957,173681.6809472702,34577.19288664574,0.3007715189252217,75.92073922050476,15.29745283205642,95.45248677892026,63.35548920490068,2146.591780821918
2026-07-19,79,Staten Island,outdoor_daytrip,0,0,1,1,HOLDOUT_OR_PRE,none,0.0,0.0,0.0,119.20660197359497,15782.093798747594,3472.0606357244706,0.0,74.06924166485965,16.019020596097636,93.09242070721264,66.06064989680911,97.1917808219178
2026-07-20,80,Bronx,family_discovery,0,0,1,1,HOLDOUT_OR_PRE,none,0.0,0.0,0.0,404.47604658797684,58847.58146816188,12946.467922995613,0.0,64.88550274767468,10.275385461520488,85.99768343855285,64.53744280169259,349.386301369863
2026-07-20,80,Brooklyn,local_creatives,1,1,0,1,EXP_NYC_SUMMER_2026,paid_social_search,3090.8088131837862,125144.57787756482,3638.5571344162263,982.4027001535829,135703.75494742426,26764.01727524955,0.2699978765926952,70.59611798048542,11.067722805203097,89.99039081602062,63.925517739244334,5434.8794520547945
2026-07-20,80,Manhattan,culture_seekers,0,0,1,1,HOLDOUT_OR_PRE,none,0.0,0.0,0.0,707.2156928472808,108265.86446293427,23818.49018184554,0.0,70.99950100392486,10.513036017067618,88.84531877416435,65.84563506563038,6451.038356164384
2026-07-20,80,Queens,value_explorers,1,1,0,1,EXP_NYC_SUMMER_2026,paid_social_search,3455.6488550134595,150462.5275169686,3745.6842327554223,1013.7736124922791,150066.49037220216,29558.979026871013,0.2706511145886211,70.7953780677149,11.191138004192798,91.92958599734952,67.90351018361146,2146.591780821918
2026-07-20,80,Staten Island,outdoor_daytrip,0,0,1,1,HOLDOUT_OR_PRE,none,0.0,0.0,0.0,111.63016546653658,15542.8231261254,3419.421087747588,0.0,66.47011809217175,10.737081370323638,88.85058260465505,68.07848848087531,97.1917808219178
2026-07-21,81,Bronx,family_discovery,0,0,1,1,HOLDOUT_OR_PRE,none,0.0,0.0,0.0,405.8019198637989,56435.717797844045,12415.85791552569,0.0,66.15655289515638,10.946537628495163,86.00716740265862,66.57652923302736,349.386301369863
2026-07-21,81,Brooklyn,local_creatives,1,1,0,1,EXP_NYC_SUMMER_2026,paid_social_search,3414.0765749663474,142365.02176148558,3898.5176293333116,1015.6804479400522,141555.1451678743,27728.055361965995,0.2605299102145511,71.06307232755829,10.817022443334938,89.46063724058844,68.67466552225993,5434.8794520547945
2026-07-21,81,Manhattan,culture_seekers,0,0,1,1,HOLDOUT_OR_PRE,none,0.0,0.0,0.0,722.7136554287335,118987.49348575223,26177.24856686549,0.0,70.64081821962878,10.219986675186172,88.31482216751765,67.83466242977774,6451.038356164384
2026-07-21,81,Queens,value_explorers,1,1,0,1,EXP_NYC_SUMMER_2026,paid_social_search,3475.6592076797233,154960.68580969612,4099.913684617672,1057.7380556600328,146364.44224646213,28724.518086541946,0.2579903229739994,69.80632991364554,10.628054303691423,92.9519208849204,65.09131584195035,2146.591780821918
2026-07-21,81,Staten Island,outdoor_daytrip,0,0,1,1,HOLDOUT_OR_PRE,none,0.0,0.0,0.0,110.70619963158195,15458.911425311739,3400.9605135685824,0.0,63.74567369249753,9.414748830276904,84.7644903501357,70.23042877636112,97.1917808219178
2026-07-22,82,Bronx,family_discovery,0,0,1,1,HOLDOUT_OR_PRE,none,0.0,0.0,0.0,403.22147599972647,57553.198322575125,12661.703630966527,0.0,64.29089748143205,9.775087742421738,83.47343951571416,68.7685788417879,349.386301369863
2026-07-22,82,Brooklyn,local_creatives,1,1,0,1,EXP_NYC_SUMMER_2026,paid_social_search,3338.5019210008645,137557.46467804626,3537.120324969939,1011.439873604186,138574.60454911756,27147.911079805,0.2859500895301836,69.62585136609536,10.077202615193944,89.3330783350652,67.44266756073462,5434.8794520547945
2026-07-22,82,Manhattan,culture_seekers,0,0,1,1,HOLDOUT_OR_PRE,none,0.0,0.0,0.0,735.1990175024317,121445.21811597132,26717.947985513692,0.0,72.02434184041809,10.848976674738145,89.6163001685978,68.89121071861516,6451.038356164384
2026-07-22,82,Queens,value_explorers,1,1,0,1,EXP_NYC_SUMMER_2026,paid_social_search,3294.771695276306,126294.78724644956,3798.8970090494076,1020.8282962587972,138806.21839156162,27242.59635086725,0.26871702334310915,69.31311430218705,10.78080287698687,89.65633752146096,68.3728781973122,2146.591780821918
2026-07-22,82,Staten Island,outdoor_daytrip,0,0,1,1,HOLDOUT_OR_PRE,none,0.0,0.0,0.0,111.63242958128897,15170.400622358227,3337.48813691881,0.0,63.38270872437049,8.395169751295947,86.27154320804296,69.73706401325603,97.1917808219178
2026-07-23,83,Bronx,family_discovery,0,0,1,1,HOLDOUT_OR_PRE,none,0.0,0.0,0.0,416.8282427517965,56831.43593361385,12502.915905395048,0.0,65.4829193094401,10.405656270226903,85.37986655839752,68.20803404091124,349.386301369863
2026-07-23,83,Brooklyn,local_creatives,1,1,0,1,EXP_NYC_SUMMER_2026,paid_social_search,3461.782974526215,148675.9964839436,3623.241570158839,1022.7357308778876,140455.98515451193,27438.53375946641,0.2822709198583886,70.32080349928877,10.56833147466286,89.05657951364918,67.14462788472581,5434.8794520547945
2026-07-23,83,Manhattan,culture_seekers,0,0,1,1,HOLDOUT_OR_PRE,none,0.0,0.0,0.0,709.0061050543185,116608.62657707316,25653.897846956093,0.0,71.6160668845835,10.59515400187711,88.33844782493045,69.19465718420555,6451.038356164384
2026-07-23,83,Queens,value_explorers,1,1,0,1,EXP_NYC_SUMMER_2026,paid_social_search,3201.2348591821333,140757.43886505318,4162.457451727267,1025.7745309330119,149349.60700243598,29655.678681353787,0.2464348387530912,69.90855517934207,10.667898825144116,91.32971182415304,67.71901384739414,2146.591780821918
2026-07-23,83,Staten Island,outdoor_daytrip,0,0,1,1,HOLDOUT_OR_PRE,none,0.0,0.0,0.0,109.4554198134099,14923.140117391133,3283.0908258260492,0.0,63.31798004531699,9.315694822507213,83.30702768544663,69.52540953384089,97.1917808219178
2026-07-24,84,Bronx,family_discovery,0,0,1,1,HOLDOUT_OR_PRE,none,0.0,0.0,0.0,420.8457551011132,58657.939480489404,12904.746685707669,0.0,64.35777049586942,9.667418325729864,84.48572253833173,67.26158981897176,349.386301369863
2026-07-24,84,Brooklyn,local_creatives,1,1,0,1,EXP_NYC_SUMMER_2026,paid_social_search,3500.3588877689767,151786.0026082487,4300.027650528648,1044.8553358643671,144677.66015649133,28328.726346659118,0.24298805049216646,70.48564432676253,10.551025071539824,89.10707292525402,69.16630679875219,5434.8794520547945
2026-07-24,84,Manhattan,culture_seekers,0,0,1,1,HOLDOUT_OR_PRE,none,0.0,0.0,0.0,744.0698745415904,118417.81093571999,26051.918405858396,0.0,71.38054886540851,10.513398959123927,89.67150717738113,68.35025659159066,6451.038356164384
2026-07-24,84,Queens,value_explorers,1,1,0,1,EXP_NYC_SUMMER_2026,paid_social_search,3586.8138487655756,153598.07938731785,4370.609421134305,1077.7203171167785,156519.04192324076,30847.375374347394,0.24658353407316763,70.17853908657496,10.273880029035796,92.88016578483229,69.59480775979792,2146.591780821918
2026-07-24,84,Staten Island,outdoor_daytrip,0,0,1,1,HOLDOUT_OR_PRE,none,0.0,0.0,0.0,117.82879845135602,17029.952623747384,3746.5895772244244,0.0,65.12480219228922,9.115083090158121,87.02550255464159,70.14157357831814,97.1917808219178
2026-07-25,85,Bronx,family_discovery,0,0,1,1,HOLDOUT_OR_PRE,none,0.0,0.0,0.0,496.7024148810668,70271.42478996748,15459.713453792845,0.0,74.1827575476103,15.366573865292631,90.89865739348957,70.30330556662857,349.386301369863
2026-07-25,85,Brooklyn,local_creatives,1,1,0,1,EXP_NYC_SUMMER_2026,paid_social_search,3611.41664274398,143043.87608854618,3888.2942325481185,1190.854569014686,176242.1693710242,35161.86061888135,0.30626657803987284,80.58735599929348,16.474802620148875,94.51323324965934,71.81992446677685,5434.8794520547945
2026-07-25,85,Manhattan,culture_seekers,0,0,1,1,HOLDOUT_OR_PRE,none,0.0,0.0,0.0,840.3664905588439,134853.63345159322,29667.79935935051,0.0,80.3509207917486,15.749893545825056,95.22047787097095,69.51716078015377,6451.038356164384
2026-07-25,85,Queens,value_explorers,1,1,0,1,EXP_NYC_SUMMER_2026,paid_social_search,3370.207732100142,139002.5529740299,3494.631790219459,1297.629505900259,189549.68580244906,38330.723144438656,0.3713208096864388,77.73187942856305,14.969208374656604,95.92060128634829,72.85545485404532,2146.591780821918
2026-07-25,85,Staten Island,outdoor_daytrip,0,0,1,1,HOLDOUT_OR_PRE,none,0.0,0.0,0.0,121.322741548376,17269.837630954004,3799.364278809881,0.0,76.54582571766771,16.7374289030435,92.0792573088095,71.62074021014953,97.1917808219178
2026-07-26,86,Bronx,family_discovery,0,0,1,1,HOLDOUT_OR_PRE,none,0.0,0.0,0.0,508.4072916241029,71137.7448311556,15650.303862854234,0.0,72.92998126704609,14.40226601997843,90.82021188459542,70.28369438088146,349.386301369863
2026-07-26,86,Brooklyn,local_creatives,1,1,0,1,EXP_NYC_SUMMER_2026,paid_social_search,3428.472627880723,153549.68989888008,4372.089634870724,1190.8462627411989,180779.82318941946,36343.08847379156,0.27237462225003317,78.98250319019215,15.590036358464172,94.12112915392792,71.3793644305852,5434.8794520547945
2026-07-26,86,Manhattan,culture_seekers,0,0,1,1,HOLDOUT_OR_PRE,none,0.0,0.0,0.0,823.3557343523546,134290.51197049711,29543.912633509364,0.0,80.1337789707717,15.4769316187157,93.83720782643988,72.09800343581317,6451.038356164384
2026-07-26,86,Queens,value_explorers,1,1,0,1,EXP_NYC_SUMMER_2026,paid_social_search,3705.784131278006,158790.6857349574,4377.651445517798,1240.5504304074475,181604.28111999272,36247.15771512039,0.28338264154804416,77.62348428400212,15.018672670252487,96.05646100854189,70.06955108008219,2146.591780821918
2026-07-26,86,Staten Island,outdoor_daytrip,0,0,1,1,HOLDOUT_OR_PRE,none,0.0,0.0,0.0,110.56370449415434,15660.734637608204,3445.361620273805,0.0,70.8854771836556,13.885953372455822,89.02912505479455,71.42391754144579,97.1917808219178
2026-07-27,87,Bronx,family_discovery,0,0,1,1,HOLDOUT_OR_PRE,none,0.0,0.0,0.0,421.05858135063403,59592.76529537623,13110.40836498277,0.0,69.0106202640468,12.120584847703888,85.39445778388871,73.63741672376725,349.386301369863
2026-07-27,87,Brooklyn,local_creatives,1,1,0,1,EXP_NYC_SUMMER_2026,paid_social_search,3333.5345272478303,138164.82264317112,3882.4594508341465,1072.8630675643913,149351.256593042,29523.74192322141,0.27633593631837844,72.49965218853255,11.170272329261184,88.44882114403497,75.52780889337532,5434.8794520547945
2026-07-27,87,Manhattan,culture_seekers,0,0,1,1,HOLDOUT_OR_PRE,none,0.0,0.0,0.0,759.4017570671091,118233.55343791915,26011.381756342213,0.0,72.88544424362881,10.998251980309787,89.15049781592886,72.32860293872417,6451.038356164384
2026-07-27,87,Queens,value_explorers,1,1,0,1,EXP_NYC_SUMMER_2026,paid_social_search,3432.7415972832655,161137.23706594264,4385.835535955706,1114.7241240234764,163242.2841062165,32480.560906084367,0.25416459757435245,71.5303427804246,10.767557569123857,93.07647719905655,71.5965559064711,2146.591780821918
2026-07-27,87,Staten Island,outdoor_daytrip,0,0,1,1,HOLDOUT_OR_PRE,none,0.0,0.0,0.0,118.18807987465581,17025.48806865804,3745.607375104769,0.0,66.54112843445816,9.218297713989724,90.03565038981667,77.2080271700421,97.1917808219178
2026-07-28,88,Bronx,family_discovery,0,0,1,1,HOLDOUT_OR_PRE,none,0.0,0.0,0.0,478.73044175015315,66769.30401356502,14689.246882984306,0.0,66.5620403951973,10.455245529411119,85.35892501668012,73.6006959020348,349.386301369863
2026-07-28,88,Brooklyn,local_creatives,1,1,0,1,EXP_NYC_SUMMER_2026,paid_social_search,3435.27094332656,136653.55358882452,3684.655608620721,1118.074881847748,153983.73726383943,30441.151254718116,0.3034408098363031,72.13416083739122,10.887330102350417,89.56377569977406,73.74667824780414,5434.8794520547945
2026-07-28,88,Manhattan,culture_seekers,0,0,1,1,HOLDOUT_OR_PRE,none,0.0,0.0,0.0,770.7212929733518,121797.04523514479,26795.349951731852,0.0,71.84358035005134,10.181677526815216,88.94173497404347,73.63769866040096,6451.038356164384
2026-07-28,88,Queens,value_explorers,1,1,0,1,EXP_NYC_SUMMER_2026,paid_social_search,3173.1328571219474,122380.34390872353,3599.9863318891894,1130.5484573097099,161542.79523931077,32366.282095526418,0.3140424304656802,71.22772766058497,10.86218424927645,92.06885800367554,72.46157657787906,2146.591780821918
2026-07-28,88,Staten Island,outdoor_daytrip,0,0,1,1,HOLDOUT_OR_PRE,none,0.0,0.0,0.0,108.23566679845187,15003.998250729324,3300.8796151604515,0.0,68.41526415408997,11.631290609961075,86.72832175651305,76.09459296065873,97.1917808219178
2026-07-29,89,Bronx,family_discovery,0,0,1,1,HOLDOUT_OR_PRE,none,0.0,0.0,0.0,470.2443393505129,64998.58991093235,14299.689780405117,0.0,67.62077432836199,10.367892821514737,87.23973893518377,75.29473943123881,349.386301369863
2026-07-29,89,Brooklyn,local_creatives,1,1,0,1,EXP_NYC_SUMMER_2026,paid_social_search,3443.0895415254586,141907.8892894882,3680.537721837605,1107.202639280102,154716.8268332279,30594.61236178468,0.30082632565094375,70.91299988202901,10.41182525884005,87.91789963258327,73.76072859129563,5434.8794520547945
2026-07-29,89,Manhattan,culture_seekers,0,0,1,1,HOLDOUT_OR_PRE,none,0.0,0.0,0.0,753.7048236285465,113463.84752209655,24962.04645486124,0.0,73.84791190500874,11.227974692377343,88.61149866330173,76.57315662559259,6451.038356164384
2026-07-29,89,Queens,value_explorers,1,1,0,1,EXP_NYC_SUMMER_2026,paid_social_search,3397.865815351655,140176.04483063376,3539.547009631809,1133.2153423203902,156561.35298662513,31045.631841705876,0.32015829687716724,72.3773279312443,11.059310303618291,91.69904877633783,77.53173856461582,2146.591780821918
2026-07-29,89,Staten Island,outdoor_daytrip,0,0,1,1,HOLDOUT_OR_PRE,none,0.0,0.0,0.0,118.58645810709955,16170.882944594347,3557.5942478107563,0.0,68.07177330269403,10.945145272291628,89.30713604804885,72.3886829350143,97.1917808219178
